kind,alpha,predictor_set,response,n,cohort_n,cohort_hash,r2,reference,delta_r2,status
region_block,1,mean_only,legacy_front_loaded_fraction,237235,237235,35f41088295a6f8ccc12ed4bfb0b877d670a509b740049580f2f02236ffadff5,-0.00184012216088,mean_only,0,evaluated
region_block,1,mean_only,legacy_late_growth_fraction,237235,237235,35f41088295a6f8ccc12ed4bfb0b877d670a509b740049580f2f02236ffadff5,-0.0010375147437,mean_only,0,evaluated
region_block,1,mean_only,legacy_terminal_taper_fraction,237235,237235,35f41088295a6f8ccc12ed4bfb0b877d670a509b740049580f2f02236ffadff5,-0.0036411176635,mean_only,0,evaluated
region_block,1,mean_only,legacy_growth_entropy,237235,237235,35f41088295a6f8ccc12ed4bfb0b877d670a509b740049580f2f02236ffadff5,-0.00217260921313,mean_only,0,evaluated
region_block,1,mean_only,legacy_pulse_count,237235,237235,35f41088295a6f8ccc12ed4bfb0b877d670a509b740049580f2f02236ffadff5,-0.00117404076795,mean_only,0,evaluated
region_block,1,mean_only,legacy_reactivation_count,237235,237235,35f41088295a6f8ccc12ed4bfb0b877d670a509b740049580f2f02236ffadff5,-0.00116864094967,mean_only,0,evaluated
region_block,1,mean_only,legacy_peak_timing,237235,237235,35f41088295a6f8ccc12ed4bfb0b877d670a509b740049580f2f02236ffadff5,-0.00160813666798,mean_only,0,evaluated
region_block,1,mean_only,legacy_duration_days,237235,237235,35f41088295a6f8ccc12ed4bfb0b877d670a509b740049580f2f02236ffadff5,-0.00182398794013,mean_only,0,evaluated
region_block,1,mean_only,legacy_final_area_km2,237235,237235,35f41088295a6f8ccc12ed4bfb0b877d670a509b740049580f2f02236ffadff5,-0.00812762932492,mean_only,0,evaluated
region_block,1,mean_only,legacy_morph_pc1,237235,237235,35f41088295a6f8ccc12ed4bfb0b877d670a509b740049580f2f02236ffadff5,-0.00259696378315,mean_only,0,evaluated
region_block,1,core_means,legacy_front_loaded_fraction,237235,237235,35f41088295a6f8ccc12ed4bfb0b877d670a509b740049580f2f02236ffadff5,-0.0021568973104,mean_only,-0.000316775149517,evaluated
region_block,1,core_means,legacy_late_growth_fraction,237235,237235,35f41088295a6f8ccc12ed4bfb0b877d670a509b740049580f2f02236ffadff5,-0.00137916737221,mean_only,-0.000341652628513,evaluated
region_block,1,core_means,legacy_terminal_taper_fraction,237235,237235,35f41088295a6f8ccc12ed4bfb0b877d670a509b740049580f2f02236ffadff5,-0.00173668439304,mean_only,0.00190443327046,evaluated
region_block,1,core_means,legacy_growth_entropy,237235,237235,35f41088295a6f8ccc12ed4bfb0b877d670a509b740049580f2f02236ffadff5,-0.00228482324617,mean_only,-0.00011221403304,evaluated
region_block,1,core_means,legacy_pulse_count,237235,237235,35f41088295a6f8ccc12ed4bfb0b877d670a509b740049580f2f02236ffadff5,-0.000346683195789,mean_only,0.000827357572165,evaluated
region_block,1,core_means,legacy_reactivation_count,237235,237235,35f41088295a6f8ccc12ed4bfb0b877d670a509b740049580f2f02236ffadff5,-0.000360267594721,mean_only,0.000808373354947,evaluated
region_block,1,core_means,legacy_peak_timing,237235,237235,35f41088295a6f8ccc12ed4bfb0b877d670a509b740049580f2f02236ffadff5,-0.00224405019631,mean_only,-0.000635913528321,evaluated
region_block,1,core_means,legacy_duration_days,237235,237235,35f41088295a6f8ccc12ed4bfb0b877d670a509b740049580f2f02236ffadff5,-0.00253998816063,mean_only,-0.000716000220499,evaluated
region_block,1,core_means,legacy_final_area_km2,237235,237235,35f41088295a6f8ccc12ed4bfb0b877d670a509b740049580f2f02236ffadff5,0.00151245842337,mean_only,0.00964008774829,evaluated
region_block,1,core_means,legacy_morph_pc1,237235,237235,35f41088295a6f8ccc12ed4bfb0b877d670a509b740049580f2f02236ffadff5,-0.00347810176216,mean_only,-0.000881137979008,evaluated
region_block,1,core_plus_max,legacy_front_loaded_fraction,237235,237235,35f41088295a6f8ccc12ed4bfb0b877d670a509b740049580f2f02236ffadff5,0.35830850819,mean_only,0.360148630351,evaluated
region_block,1,core_plus_max,legacy_late_growth_fraction,237235,237235,35f41088295a6f8ccc12ed4bfb0b877d670a509b740049580f2f02236ffadff5,0.156371960149,mean_only,0.157409474893,evaluated
region_block,1,core_plus_max,legacy_terminal_taper_fraction,237235,237235,35f41088295a6f8ccc12ed4bfb0b877d670a509b740049580f2f02236ffadff5,0.331259798312,mean_only,0.334900915976,evaluated
region_block,1,core_plus_max,legacy_growth_entropy,237235,237235,35f41088295a6f8ccc12ed4bfb0b877d670a509b740049580f2f02236ffadff5,0.363996953885,mean_only,0.366169563098,evaluated
region_block,1,core_plus_max,legacy_pulse_count,237235,237235,35f41088295a6f8ccc12ed4bfb0b877d670a509b740049580f2f02236ffadff5,0.145893748762,mean_only,0.14706778953,evaluated
region_block,1,core_plus_max,legacy_reactivation_count,237235,237235,35f41088295a6f8ccc12ed4bfb0b877d670a509b740049580f2f02236ffadff5,0.148573678742,mean_only,0.149742319692,evaluated
region_block,1,core_plus_max,legacy_peak_timing,237235,237235,35f41088295a6f8ccc12ed4bfb0b877d670a509b740049580f2f02236ffadff5,0.169056514505,mean_only,0.170664651173,evaluated
region_block,1,core_plus_max,legacy_duration_days,237235,237235,35f41088295a6f8ccc12ed4bfb0b877d670a509b740049580f2f02236ffadff5,0.531192905995,mean_only,0.533016893935,evaluated
region_block,1,core_plus_max,legacy_final_area_km2,237235,237235,35f41088295a6f8ccc12ed4bfb0b877d670a509b740049580f2f02236ffadff5,0.417326963781,mean_only,0.425454593106,evaluated
region_block,1,core_plus_max,legacy_morph_pc1,237235,237235,35f41088295a6f8ccc12ed4bfb0b877d670a509b740049580f2f02236ffadff5,0.487155504515,mean_only,0.489752468298,evaluated
region_block,1,comprehensive_means,legacy_front_loaded_fraction,237235,237235,35f41088295a6f8ccc12ed4bfb0b877d670a509b740049580f2f02236ffadff5,-0.0036980066003,mean_only,-0.00185788443942,evaluated
region_block,1,comprehensive_means,legacy_late_growth_fraction,237235,237235,35f41088295a6f8ccc12ed4bfb0b877d670a509b740049580f2f02236ffadff5,-0.00213644702701,mean_only,-0.00109893228331,evaluated
region_block,1,comprehensive_means,legacy_terminal_taper_fraction,237235,237235,35f41088295a6f8ccc12ed4bfb0b877d670a509b740049580f2f02236ffadff5,-0.00113622077992,mean_only,0.00250489688358,evaluated
region_block,1,comprehensive_means,legacy_growth_entropy,237235,237235,35f41088295a6f8ccc12ed4bfb0b877d670a509b740049580f2f02236ffadff5,-0.00421397162165,mean_only,-0.00204136240852,evaluated
region_block,1,comprehensive_means,legacy_pulse_count,237235,237235,35f41088295a6f8ccc12ed4bfb0b877d670a509b740049580f2f02236ffadff5,-0.00139723654513,mean_only,-0.000223195777171,evaluated
region_block,1,comprehensive_means,legacy_reactivation_count,237235,237235,35f41088295a6f8ccc12ed4bfb0b877d670a509b740049580f2f02236ffadff5,-0.00143769374345,mean_only,-0.000269052793782,evaluated
region_block,1,comprehensive_means,legacy_peak_timing,237235,237235,35f41088295a6f8ccc12ed4bfb0b877d670a509b740049580f2f02236ffadff5,-0.00357535512093,mean_only,-0.00196721845294,evaluated
region_block,1,comprehensive_means,legacy_duration_days,237235,237235,35f41088295a6f8ccc12ed4bfb0b877d670a509b740049580f2f02236ffadff5,-0.00414360448734,mean_only,-0.00231961654722,evaluated
region_block,1,comprehensive_means,legacy_final_area_km2,237235,237235,35f41088295a6f8ccc12ed4bfb0b877d670a509b740049580f2f02236ffadff5,0.0109334722818,mean_only,0.0190611016067,evaluated
region_block,1,comprehensive_means,legacy_morph_pc1,237235,237235,35f41088295a6f8ccc12ed4bfb0b877d670a509b740049580f2f02236ffadff5,-0.00559050985432,mean_only,-0.00299354607117,evaluated
region_block,1,comprehensive_plus_max,legacy_front_loaded_fraction,237235,237235,35f41088295a6f8ccc12ed4bfb0b877d670a509b740049580f2f02236ffadff5,0.363390759593,mean_only,0.365230881754,evaluated
region_block,1,comprehensive_plus_max,legacy_late_growth_fraction,237235,237235,35f41088295a6f8ccc12ed4bfb0b877d670a509b740049580f2f02236ffadff5,0.159185363555,mean_only,0.160222878299,evaluated
region_block,1,comprehensive_plus_max,legacy_terminal_taper_fraction,237235,237235,35f41088295a6f8ccc12ed4bfb0b877d670a509b740049580f2f02236ffadff5,0.335255949733,mean_only,0.338897067397,evaluated
region_block,1,comprehensive_plus_max,legacy_growth_entropy,237235,237235,35f41088295a6f8ccc12ed4bfb0b877d670a509b740049580f2f02236ffadff5,0.368798617287,mean_only,0.370971226501,evaluated
region_block,1,comprehensive_plus_max,legacy_pulse_count,237235,237235,35f41088295a6f8ccc12ed4bfb0b877d670a509b740049580f2f02236ffadff5,0.146205133802,mean_only,0.14737917457,evaluated
region_block,1,comprehensive_plus_max,legacy_reactivation_count,237235,237235,35f41088295a6f8ccc12ed4bfb0b877d670a509b740049580f2f02236ffadff5,0.148978805705,mean_only,0.150147446655,evaluated
region_block,1,comprehensive_plus_max,legacy_peak_timing,237235,237235,35f41088295a6f8ccc12ed4bfb0b877d670a509b740049580f2f02236ffadff5,0.17104516074,mean_only,0.172653297408,evaluated
region_block,1,comprehensive_plus_max,legacy_duration_days,237235,237235,35f41088295a6f8ccc12ed4bfb0b877d670a509b740049580f2f02236ffadff5,0.535156329644,mean_only,0.536980317584,evaluated
region_block,1,comprehensive_plus_max,legacy_final_area_km2,237235,237235,35f41088295a6f8ccc12ed4bfb0b877d670a509b740049580f2f02236ffadff5,0.425896415721,mean_only,0.434024045046,evaluated
region_block,1,comprehensive_plus_max,legacy_morph_pc1,237235,237235,35f41088295a6f8ccc12ed4bfb0b877d670a509b740049580f2f02236ffadff5,0.492091269184,mean_only,0.494688232967,evaluated
region_block,1,length_only,legacy_front_loaded_fraction,237235,237235,35f41088295a6f8ccc12ed4bfb0b877d670a509b740049580f2f02236ffadff5,0.666469417544,mean_only,0.668309539705,evaluated
region_block,1,length_only,legacy_late_growth_fraction,237235,237235,35f41088295a6f8ccc12ed4bfb0b877d670a509b740049580f2f02236ffadff5,0.340443090044,mean_only,0.341480604788,evaluated
region_block,1,length_only,legacy_terminal_taper_fraction,237235,237235,35f41088295a6f8ccc12ed4bfb0b877d670a509b740049580f2f02236ffadff5,0.581450660295,mean_only,0.585091777958,evaluated
region_block,1,length_only,legacy_growth_entropy,237235,237235,35f41088295a6f8ccc12ed4bfb0b877d670a509b740049580f2f02236ffadff5,0.683350409222,mean_only,0.685523018435,evaluated
region_block,1,length_only,legacy_pulse_count,237235,237235,35f41088295a6f8ccc12ed4bfb0b877d670a509b740049580f2f02236ffadff5,0.39073511436,mean_only,0.391909155128,evaluated
region_block,1,length_only,legacy_reactivation_count,237235,237235,35f41088295a6f8ccc12ed4bfb0b877d670a509b740049580f2f02236ffadff5,0.393661900701,mean_only,0.394830541651,evaluated
region_block,1,length_only,legacy_peak_timing,237235,237235,35f41088295a6f8ccc12ed4bfb0b877d670a509b740049580f2f02236ffadff5,0.297798469202,mean_only,0.29940660587,evaluated
region_block,1,length_only,legacy_duration_days,237235,237235,35f41088295a6f8ccc12ed4bfb0b877d670a509b740049580f2f02236ffadff5,,mean_only,,excluded_known_outcome
region_block,1,length_only,legacy_final_area_km2,237235,237235,35f41088295a6f8ccc12ed4bfb0b877d670a509b740049580f2f02236ffadff5,0.718948764111,mean_only,0.727076393436,evaluated
region_block,1,length_only,legacy_morph_pc1,237235,237235,35f41088295a6f8ccc12ed4bfb0b877d670a509b740049580f2f02236ffadff5,0.869442719564,mean_only,0.872039683347,evaluated
region_block,1,length_plus_max,legacy_front_loaded_fraction,237235,237235,35f41088295a6f8ccc12ed4bfb0b877d670a509b740049580f2f02236ffadff5,0.666245369338,mean_only,0.668085491499,evaluated
region_block,1,length_plus_max,legacy_late_growth_fraction,237235,237235,35f41088295a6f8ccc12ed4bfb0b877d670a509b740049580f2f02236ffadff5,0.340732205813,mean_only,0.341769720557,evaluated
region_block,1,length_plus_max,legacy_terminal_taper_fraction,237235,237235,35f41088295a6f8ccc12ed4bfb0b877d670a509b740049580f2f02236ffadff5,0.580931079912,mean_only,0.584572197575,evaluated
region_block,1,length_plus_max,legacy_growth_entropy,237235,237235,35f41088295a6f8ccc12ed4bfb0b877d670a509b740049580f2f02236ffadff5,0.684072674123,mean_only,0.686245283336,evaluated
region_block,1,length_plus_max,legacy_pulse_count,237235,237235,35f41088295a6f8ccc12ed4bfb0b877d670a509b740049580f2f02236ffadff5,0.393591514931,mean_only,0.394765555699,evaluated
region_block,1,length_plus_max,legacy_reactivation_count,237235,237235,35f41088295a6f8ccc12ed4bfb0b877d670a509b740049580f2f02236ffadff5,0.396560601254,mean_only,0.397729242204,evaluated
region_block,1,length_plus_max,legacy_peak_timing,237235,237235,35f41088295a6f8ccc12ed4bfb0b877d670a509b740049580f2f02236ffadff5,0.29777388036,mean_only,0.299382017028,evaluated
region_block,1,length_plus_max,legacy_duration_days,237235,237235,35f41088295a6f8ccc12ed4bfb0b877d670a509b740049580f2f02236ffadff5,,mean_only,,excluded_known_outcome
region_block,1,length_plus_max,legacy_final_area_km2,237235,237235,35f41088295a6f8ccc12ed4bfb0b877d670a509b740049580f2f02236ffadff5,0.717827932686,mean_only,0.725955562011,evaluated
region_block,1,length_plus_max,legacy_morph_pc1,237235,237235,35f41088295a6f8ccc12ed4bfb0b877d670a509b740049580f2f02236ffadff5,0.869520656455,mean_only,0.872117620238,evaluated
year_block,1,mean_only,legacy_front_loaded_fraction,237235,237235,35f41088295a6f8ccc12ed4bfb0b877d670a509b740049580f2f02236ffadff5,-6.16600845518e-05,mean_only,0,evaluated
year_block,1,mean_only,legacy_late_growth_fraction,237235,237235,35f41088295a6f8ccc12ed4bfb0b877d670a509b740049580f2f02236ffadff5,-4.43690091962e-05,mean_only,0,evaluated
year_block,1,mean_only,legacy_terminal_taper_fraction,237235,237235,35f41088295a6f8ccc12ed4bfb0b877d670a509b740049580f2f02236ffadff5,-0.000165795657795,mean_only,0,evaluated
year_block,1,mean_only,legacy_growth_entropy,237235,237235,35f41088295a6f8ccc12ed4bfb0b877d670a509b740049580f2f02236ffadff5,-9.98877080127e-05,mean_only,0,evaluated
year_block,1,mean_only,legacy_pulse_count,237235,237235,35f41088295a6f8ccc12ed4bfb0b877d670a509b740049580f2f02236ffadff5,-4.96311612606e-05,mean_only,0,evaluated
year_block,1,mean_only,legacy_reactivation_count,237235,237235,35f41088295a6f8ccc12ed4bfb0b877d670a509b740049580f2f02236ffadff5,-4.95786261396e-05,mean_only,0,evaluated
year_block,1,mean_only,legacy_peak_timing,237235,237235,35f41088295a6f8ccc12ed4bfb0b877d670a509b740049580f2f02236ffadff5,-3.09887456409e-05,mean_only,0,evaluated
year_block,1,mean_only,legacy_duration_days,237235,237235,35f41088295a6f8ccc12ed4bfb0b877d670a509b740049580f2f02236ffadff5,-5.87119906157e-05,mean_only,0,evaluated
year_block,1,mean_only,legacy_final_area_km2,237235,237235,35f41088295a6f8ccc12ed4bfb0b877d670a509b740049580f2f02236ffadff5,-0.000234634119243,mean_only,0,evaluated
year_block,1,mean_only,legacy_morph_pc1,237235,237235,35f41088295a6f8ccc12ed4bfb0b877d670a509b740049580f2f02236ffadff5,-0.000100985193044,mean_only,0,evaluated
year_block,1,core_means,legacy_front_loaded_fraction,237235,237235,35f41088295a6f8ccc12ed4bfb0b877d670a509b740049580f2f02236ffadff5,0.00181284002583,mean_only,0.00187450011038,evaluated
year_block,1,core_means,legacy_late_growth_fraction,237235,237235,35f41088295a6f8ccc12ed4bfb0b877d670a509b740049580f2f02236ffadff5,0.00086934260238,mean_only,0.000913711611576,evaluated
year_block,1,core_means,legacy_terminal_taper_fraction,237235,237235,35f41088295a6f8ccc12ed4bfb0b877d670a509b740049580f2f02236ffadff5,0.00438445648871,mean_only,0.0045502521465,evaluated
year_block,1,core_means,legacy_growth_entropy,237235,237235,35f41088295a6f8ccc12ed4bfb0b877d670a509b740049580f2f02236ffadff5,0.00230363078662,mean_only,0.00240351849464,evaluated
year_block,1,core_means,legacy_pulse_count,237235,237235,35f41088295a6f8ccc12ed4bfb0b877d670a509b740049580f2f02236ffadff5,0.00168461434458,mean_only,0.00173424550584,evaluated
year_block,1,core_means,legacy_reactivation_count,237235,237235,35f41088295a6f8ccc12ed4bfb0b877d670a509b740049580f2f02236ffadff5,0.00165877812459,mean_only,0.00170835675073,evaluated
year_block,1,core_means,legacy_peak_timing,237235,237235,35f41088295a6f8ccc12ed4bfb0b877d670a509b740049580f2f02236ffadff5,0.00086355039668,mean_only,0.000894539142321,evaluated
year_block,1,core_means,legacy_duration_days,237235,237235,35f41088295a6f8ccc12ed4bfb0b877d670a509b740049580f2f02236ffadff5,0.00167376714547,mean_only,0.00173247913608,evaluated
year_block,1,core_means,legacy_final_area_km2,237235,237235,35f41088295a6f8ccc12ed4bfb0b877d670a509b740049580f2f02236ffadff5,0.0115031956271,mean_only,0.0117378297463,evaluated
year_block,1,core_means,legacy_morph_pc1,237235,237235,35f41088295a6f8ccc12ed4bfb0b877d670a509b740049580f2f02236ffadff5,0.0022122822532,mean_only,0.00231326744625,evaluated
year_block,1,core_plus_max,legacy_front_loaded_fraction,237235,237235,35f41088295a6f8ccc12ed4bfb0b877d670a509b740049580f2f02236ffadff5,0.382500481099,mean_only,0.382562141183,evaluated
year_block,1,core_plus_max,legacy_late_growth_fraction,237235,237235,35f41088295a6f8ccc12ed4bfb0b877d670a509b740049580f2f02236ffadff5,0.169518247557,mean_only,0.169562616566,evaluated
year_block,1,core_plus_max,legacy_terminal_taper_fraction,237235,237235,35f41088295a6f8ccc12ed4bfb0b877d670a509b740049580f2f02236ffadff5,0.338636618848,mean_only,0.338802414506,evaluated
year_block,1,core_plus_max,legacy_growth_entropy,237235,237235,35f41088295a6f8ccc12ed4bfb0b877d670a509b740049580f2f02236ffadff5,0.384784512569,mean_only,0.384884400277,evaluated
year_block,1,core_plus_max,legacy_pulse_count,237235,237235,35f41088295a6f8ccc12ed4bfb0b877d670a509b740049580f2f02236ffadff5,0.155747871504,mean_only,0.155797502665,evaluated
year_block,1,core_plus_max,legacy_reactivation_count,237235,237235,35f41088295a6f8ccc12ed4bfb0b877d670a509b740049580f2f02236ffadff5,0.158531760829,mean_only,0.158581339456,evaluated
year_block,1,core_plus_max,legacy_peak_timing,237235,237235,35f41088295a6f8ccc12ed4bfb0b877d670a509b740049580f2f02236ffadff5,0.1789575044,mean_only,0.178988493145,evaluated
year_block,1,core_plus_max,legacy_duration_days,237235,237235,35f41088295a6f8ccc12ed4bfb0b877d670a509b740049580f2f02236ffadff5,0.556544442253,mean_only,0.556603154244,evaluated
year_block,1,core_plus_max,legacy_final_area_km2,237235,237235,35f41088295a6f8ccc12ed4bfb0b877d670a509b740049580f2f02236ffadff5,0.421611697436,mean_only,0.421846331556,evaluated
year_block,1,core_plus_max,legacy_morph_pc1,237235,237235,35f41088295a6f8ccc12ed4bfb0b877d670a509b740049580f2f02236ffadff5,0.509606826747,mean_only,0.50970781194,evaluated
year_block,1,comprehensive_means,legacy_front_loaded_fraction,237235,237235,35f41088295a6f8ccc12ed4bfb0b877d670a509b740049580f2f02236ffadff5,0.00259152425343,mean_only,0.00265318433798,evaluated
year_block,1,comprehensive_means,legacy_late_growth_fraction,237235,237235,35f41088295a6f8ccc12ed4bfb0b877d670a509b740049580f2f02236ffadff5,0.00133558925421,mean_only,0.00137995826341,evaluated
year_block,1,comprehensive_means,legacy_terminal_taper_fraction,237235,237235,35f41088295a6f8ccc12ed4bfb0b877d670a509b740049580f2f02236ffadff5,0.0080554281195,mean_only,0.0082212237773,evaluated
year_block,1,comprehensive_means,legacy_growth_entropy,237235,237235,35f41088295a6f8ccc12ed4bfb0b877d670a509b740049580f2f02236ffadff5,0.00305474637699,mean_only,0.003154634085,evaluated
year_block,1,comprehensive_means,legacy_pulse_count,237235,237235,35f41088295a6f8ccc12ed4bfb0b877d670a509b740049580f2f02236ffadff5,0.00254840404527,mean_only,0.00259803520653,evaluated
year_block,1,comprehensive_means,legacy_reactivation_count,237235,237235,35f41088295a6f8ccc12ed4bfb0b877d670a509b740049580f2f02236ffadff5,0.00248632097486,mean_only,0.00253589960099,evaluated
year_block,1,comprehensive_means,legacy_peak_timing,237235,237235,35f41088295a6f8ccc12ed4bfb0b877d670a509b740049580f2f02236ffadff5,0.00116860876427,mean_only,0.00119959750991,evaluated
year_block,1,comprehensive_means,legacy_duration_days,237235,237235,35f41088295a6f8ccc12ed4bfb0b877d670a509b740049580f2f02236ffadff5,0.00291653490473,mean_only,0.00297524689535,evaluated
year_block,1,comprehensive_means,legacy_final_area_km2,237235,237235,35f41088295a6f8ccc12ed4bfb0b877d670a509b740049580f2f02236ffadff5,0.0230234879585,mean_only,0.0232581220778,evaluated
year_block,1,comprehensive_means,legacy_morph_pc1,237235,237235,35f41088295a6f8ccc12ed4bfb0b877d670a509b740049580f2f02236ffadff5,0.00337207572274,mean_only,0.00347306091579,evaluated
year_block,1,comprehensive_plus_max,legacy_front_loaded_fraction,237235,237235,35f41088295a6f8ccc12ed4bfb0b877d670a509b740049580f2f02236ffadff5,0.388488142761,mean_only,0.388549802845,evaluated
year_block,1,comprehensive_plus_max,legacy_late_growth_fraction,237235,237235,35f41088295a6f8ccc12ed4bfb0b877d670a509b740049580f2f02236ffadff5,0.172851507665,mean_only,0.172895876674,evaluated
year_block,1,comprehensive_plus_max,legacy_terminal_taper_fraction,237235,237235,35f41088295a6f8ccc12ed4bfb0b877d670a509b740049580f2f02236ffadff5,0.343832958601,mean_only,0.343998754258,evaluated
year_block,1,comprehensive_plus_max,legacy_growth_entropy,237235,237235,35f41088295a6f8ccc12ed4bfb0b877d670a509b740049580f2f02236ffadff5,0.390860553784,mean_only,0.390960441492,evaluated
year_block,1,comprehensive_plus_max,legacy_pulse_count,237235,237235,35f41088295a6f8ccc12ed4bfb0b877d670a509b740049580f2f02236ffadff5,0.15790478394,mean_only,0.157954415102,evaluated
year_block,1,comprehensive_plus_max,legacy_reactivation_count,237235,237235,35f41088295a6f8ccc12ed4bfb0b877d670a509b740049580f2f02236ffadff5,0.160713541386,mean_only,0.160763120012,evaluated
year_block,1,comprehensive_plus_max,legacy_peak_timing,237235,237235,35f41088295a6f8ccc12ed4bfb0b877d670a509b740049580f2f02236ffadff5,0.181321655445,mean_only,0.18135264419,evaluated
year_block,1,comprehensive_plus_max,legacy_duration_days,237235,237235,35f41088295a6f8ccc12ed4bfb0b877d670a509b740049580f2f02236ffadff5,0.562097203304,mean_only,0.562155915295,evaluated
year_block,1,comprehensive_plus_max,legacy_final_area_km2,237235,237235,35f41088295a6f8ccc12ed4bfb0b877d670a509b740049580f2f02236ffadff5,0.431075364593,mean_only,0.431309998713,evaluated
year_block,1,comprehensive_plus_max,legacy_morph_pc1,237235,237235,35f41088295a6f8ccc12ed4bfb0b877d670a509b740049580f2f02236ffadff5,0.516001064145,mean_only,0.516102049338,evaluated
year_block,1,length_only,legacy_front_loaded_fraction,237235,237235,35f41088295a6f8ccc12ed4bfb0b877d670a509b740049580f2f02236ffadff5,0.668179324703,mean_only,0.668240984788,evaluated
year_block,1,length_only,legacy_late_growth_fraction,237235,237235,35f41088295a6f8ccc12ed4bfb0b877d670a509b740049580f2f02236ffadff5,0.341899743995,mean_only,0.341944113004,evaluated
year_block,1,length_only,legacy_terminal_taper_fraction,237235,237235,35f41088295a6f8ccc12ed4bfb0b877d670a509b740049580f2f02236ffadff5,0.583781770553,mean_only,0.583947566211,evaluated
year_block,1,length_only,legacy_growth_entropy,237235,237235,35f41088295a6f8ccc12ed4bfb0b877d670a509b740049580f2f02236ffadff5,0.684527374645,mean_only,0.684627262353,evaluated
year_block,1,length_only,legacy_pulse_count,237235,237235,35f41088295a6f8ccc12ed4bfb0b877d670a509b740049580f2f02236ffadff5,0.396998308737,mean_only,0.397047939898,evaluated
year_block,1,length_only,legacy_reactivation_count,237235,237235,35f41088295a6f8ccc12ed4bfb0b877d670a509b740049580f2f02236ffadff5,0.39975580073,mean_only,0.399805379357,evaluated
year_block,1,length_only,legacy_peak_timing,237235,237235,35f41088295a6f8ccc12ed4bfb0b877d670a509b740049580f2f02236ffadff5,0.29879908273,mean_only,0.298830071475,evaluated
year_block,1,length_only,legacy_duration_days,237235,237235,35f41088295a6f8ccc12ed4bfb0b877d670a509b740049580f2f02236ffadff5,,mean_only,,excluded_known_outcome
year_block,1,length_only,legacy_final_area_km2,237235,237235,35f41088295a6f8ccc12ed4bfb0b877d670a509b740049580f2f02236ffadff5,0.733500606716,mean_only,0.733735240835,evaluated
year_block,1,length_only,legacy_morph_pc1,237235,237235,35f41088295a6f8ccc12ed4bfb0b877d670a509b740049580f2f02236ffadff5,0.870225745085,mean_only,0.870326730278,evaluated
year_block,1,length_plus_max,legacy_front_loaded_fraction,237235,237235,35f41088295a6f8ccc12ed4bfb0b877d670a509b740049580f2f02236ffadff5,0.668203152637,mean_only,0.668264812722,evaluated
year_block,1,length_plus_max,legacy_late_growth_fraction,237235,237235,35f41088295a6f8ccc12ed4bfb0b877d670a509b740049580f2f02236ffadff5,0.342285849418,mean_only,0.342330218428,evaluated
year_block,1,length_plus_max,legacy_terminal_taper_fraction,237235,237235,35f41088295a6f8ccc12ed4bfb0b877d670a509b740049580f2f02236ffadff5,0.583987770205,mean_only,0.584153565863,evaluated
year_block,1,length_plus_max,legacy_growth_entropy,237235,237235,35f41088295a6f8ccc12ed4bfb0b877d670a509b740049580f2f02236ffadff5,0.685258914912,mean_only,0.68535880262,evaluated
year_block,1,length_plus_max,legacy_pulse_count,237235,237235,35f41088295a6f8ccc12ed4bfb0b877d670a509b740049580f2f02236ffadff5,0.399369217492,mean_only,0.399418848653,evaluated
year_block,1,length_plus_max,legacy_reactivation_count,237235,237235,35f41088295a6f8ccc12ed4bfb0b877d670a509b740049580f2f02236ffadff5,0.40213066767,mean_only,0.402180246296,evaluated
year_block,1,length_plus_max,legacy_peak_timing,237235,237235,35f41088295a6f8ccc12ed4bfb0b877d670a509b740049580f2f02236ffadff5,0.298894466138,mean_only,0.298925454883,evaluated
year_block,1,length_plus_max,legacy_duration_days,237235,237235,35f41088295a6f8ccc12ed4bfb0b877d670a509b740049580f2f02236ffadff5,,mean_only,,excluded_known_outcome
year_block,1,length_plus_max,legacy_final_area_km2,237235,237235,35f41088295a6f8ccc12ed4bfb0b877d670a509b740049580f2f02236ffadff5,0.733977399004,mean_only,0.734212033123,evaluated
year_block,1,length_plus_max,legacy_morph_pc1,237235,237235,35f41088295a6f8ccc12ed4bfb0b877d670a509b740049580f2f02236ffadff5,0.870327324248,mean_only,0.870428309441,evaluated
