null,rep,n,pc1,first_five,effective_dimension,hull_fill,occupied_fraction
observed_same_sample,-1,4000,0.342229771896,0.895721723012,4.35915310007,0.868955316636,0.8275
within_fire_permutation,0,4000,0.306829806101,0.866069723418,5.01522719872,0.819287484639,0.795
dirichlet_1,0,4000,0.353884385479,0.90366475204,4.08462655397,0.775348170259,0.7675
dirichlet_10,0,4000,0.369129392369,0.912378550687,3.95807816768,0.962017252318,0.9225
within_fire_permutation,1,4000,0.310186415557,0.862845824915,5.02280141884,0.831384455559,0.7925
dirichlet_1,1,4000,0.347027309556,0.902389944359,4.22505707742,0.777602747533,0.7675
dirichlet_10,1,4000,0.364757008127,0.907327408319,3.97893881105,0.979170487262,0.925
within_fire_permutation,2,4000,0.302069603591,0.86248714596,5.05789324182,0.844756093567,0.8075
dirichlet_1,2,4000,0.347372496629,0.902534495242,4.1570326702,0.789718422222,0.7625
dirichlet_10,2,4000,0.373180844831,0.911912758399,3.93012930661,0.968386758051,0.92
within_fire_permutation,3,4000,0.300742952538,0.863909799264,5.06849923047,0.844858407409,0.8025
dirichlet_1,3,4000,0.356952592282,0.906047889265,4.12407983608,0.767887113912,0.7675
dirichlet_10,3,4000,0.360972134561,0.912281826225,3.96723816723,0.959138781129,0.91
within_fire_permutation,4,4000,0.308274465726,0.859768538115,5.04864418233,0.861943523998,0.81
dirichlet_1,4,4000,0.352292377914,0.903637655944,4.13953532671,0.769009695255,0.7725
dirichlet_10,4,4000,0.347282457326,0.905964726873,4.09227838864,0.966414250368,0.9075
within_fire_permutation,5,4000,0.301632967099,0.863464686805,5.04958873324,0.842709139414,0.81
dirichlet_1,5,4000,0.351846071074,0.902700603771,4.13051155136,0.768287362204,0.765
dirichlet_10,5,4000,0.363117194838,0.913196400492,3.97390938993,0.960612607233,0.915
within_fire_permutation,6,4000,0.306488572044,0.860548175875,5.05916039514,0.804722481011,0.7875
dirichlet_1,6,4000,0.351925545212,0.90492298394,4.14682223523,0.753456998915,0.7525
dirichlet_10,6,4000,0.362684426956,0.911285674951,3.93236832663,0.966478791025,0.9375
within_fire_permutation,7,4000,0.310497290296,0.861737100048,5.0117765628,0.856979859304,0.8125
dirichlet_1,7,4000,0.352610646309,0.902628971276,4.15573736988,0.75104405973,0.7525
dirichlet_10,7,4000,0.360860988734,0.910842956199,4.01881108991,0.987201063502,0.94
within_fire_permutation,8,4000,0.304933821335,0.860245405143,5.08496905265,0.824555764506,0.795
dirichlet_1,8,4000,0.359752709989,0.903737694932,4.10672645419,0.766373058855,0.75
dirichlet_10,8,4000,0.370065771879,0.91086250306,3.91826817776,0.985811601458,0.9325
within_fire_permutation,9,4000,0.300181379764,0.861599309987,5.05303707803,0.821508713304,0.785
dirichlet_1,9,4000,0.355915767855,0.904126063673,4.09787542105,0.75682115531,0.745
dirichlet_10,9,4000,0.359629489503,0.907103579773,4.02363503338,0.979664845633,0.92
within_fire_permutation,10,4000,0.304640457504,0.858199661122,5.07821484232,0.853822978421,0.8
dirichlet_1,10,4000,0.356617972287,0.907318322644,4.08018165984,0.752145040994,0.7525
dirichlet_10,10,4000,0.362427916442,0.907708734931,4.03856886974,0.975245514533,0.93
within_fire_permutation,11,4000,0.311127426032,0.86355099576,4.99443405021,0.834678402173,0.7875
dirichlet_1,11,4000,0.351987706349,0.904080983661,4.13205683184,0.771634494303,0.7675
dirichlet_10,11,4000,0.359625066305,0.911279422632,3.97209599725,0.973388467838,0.9375
within_fire_permutation,12,4000,0.302774052841,0.860023530826,5.04011113447,0.85654874491,0.7975
dirichlet_1,12,4000,0.355094474773,0.90377477767,4.09685413696,0.747818271616,0.74
dirichlet_10,12,4000,0.367367770997,0.909638727113,3.97584080062,0.961775796879,0.925
within_fire_permutation,13,4000,0.309737911554,0.86623957146,4.98284343981,0.844567086883,0.805
dirichlet_1,13,4000,0.350992713056,0.90214519897,4.14636128448,0.772842623465,0.7725
dirichlet_10,13,4000,0.359693821182,0.91016326501,4.03056537986,0.968072664809,0.915
within_fire_permutation,14,4000,0.307302878966,0.860563075905,5.07892921629,0.83842530862,0.8125
dirichlet_1,14,4000,0.350014537713,0.901047832673,4.1580952924,0.766782947357,0.755
dirichlet_10,14,4000,0.362355125813,0.910470699173,4.00148904452,0.955717781533,0.93
within_fire_permutation,15,4000,0.300245477347,0.862353997578,5.13241805773,0.843798898828,0.8
dirichlet_1,15,4000,0.351057103044,0.901289005804,4.14365287648,0.751291817436,0.735
dirichlet_10,15,4000,0.357535390835,0.910937127816,4.02131950806,0.960523115367,0.9175
within_fire_permutation,16,4000,0.306297168729,0.863319659562,5.07292214944,0.846554951514,0.8175
dirichlet_1,16,4000,0.359384546973,0.904000343416,4.05333831012,0.74960186707,0.7625
dirichlet_10,16,4000,0.35705899558,0.910610086966,3.99619140937,0.960989146302,0.9375
within_fire_permutation,17,4000,0.299243447933,0.859880183669,5.10198827326,0.870911892949,0.825
dirichlet_1,17,4000,0.359725494947,0.905008529721,4.10838483909,0.735961116438,0.7425
dirichlet_10,17,4000,0.368380778623,0.910422580325,3.97344870863,0.970454690497,0.92
within_fire_permutation,18,4000,0.298035736094,0.862287658526,5.09006961609,0.848584233353,0.8075
dirichlet_1,18,4000,0.35709093792,0.904292873277,4.10385947221,0.760328900527,0.7625
dirichlet_10,18,4000,0.361827978173,0.910606530705,3.9336294443,0.975798512776,0.94
within_fire_permutation,19,4000,0.304476276038,0.861236249545,5.06789718518,0.872226242471,0.82
dirichlet_1,19,4000,0.35928292366,0.905140797801,4.08941127535,0.761589455704,0.7525
dirichlet_10,19,4000,0.364322511603,0.908901983642,3.98042485388,0.981079886017,0.92
within_fire_permutation,20,4000,0.301932792346,0.86353813949,5.04509101474,0.837734764153,0.805
dirichlet_1,20,4000,0.351304639961,0.905482559451,4.08084886009,0.739932932282,0.755
dirichlet_10,20,4000,0.358016288334,0.913104741398,3.98046744903,0.978453850758,0.9475
within_fire_permutation,21,4000,0.307130578468,0.86059064563,5.06118305962,0.854736429256,0.795
dirichlet_1,21,4000,0.356516199874,0.903512949502,4.12250353828,0.752825743037,0.76
dirichlet_10,21,4000,0.367259176709,0.910870832499,3.95872617726,0.957910671531,0.93
within_fire_permutation,22,4000,0.3028560139,0.862920363353,5.04380187582,0.835575263895,0.805
dirichlet_1,22,4000,0.352667107778,0.902839694436,4.11684516489,0.750479032835,0.755
dirichlet_10,22,4000,0.356497643649,0.912651597087,3.97376723322,0.973403016701,0.93
within_fire_permutation,23,4000,0.296550433564,0.863021266438,5.09700749256,0.829762333066,0.7825
dirichlet_1,23,4000,0.348322119322,0.90370527325,4.12862973176,0.756351954358,0.755
dirichlet_10,23,4000,0.36127073561,0.909082567433,3.98074490917,0.977126018234,0.915
within_fire_permutation,24,4000,0.30716735517,0.863274973569,5.01611673054,0.836897351657,0.8075
dirichlet_1,24,4000,0.354602665513,0.903418388105,4.11391737011,0.751275792552,0.755
dirichlet_10,24,4000,0.361608266139,0.90897981146,3.9840287495,0.967088063534,0.93
within_fire_permutation,25,4000,0.300983908646,0.857954573755,5.07309058787,0.847084440795,0.8025
dirichlet_1,25,4000,0.360706060104,0.905145098277,4.0451722702,0.763467085975,0.7625
dirichlet_10,25,4000,0.358201707961,0.910372238479,4.03195593611,0.977654966432,0.9325
within_fire_permutation,26,4000,0.308113429834,0.862451273271,5.03272941636,0.832745627981,0.785
dirichlet_1,26,4000,0.356218178193,0.906372432107,4.07521859068,0.763441339723,0.76
dirichlet_10,26,4000,0.364959341201,0.910848561109,3.97739791623,0.979817495268,0.925
within_fire_permutation,27,4000,0.302106673971,0.862996610391,5.0775962531,0.853229926581,0.81
dirichlet_1,27,4000,0.356301831789,0.901375111821,4.14042972021,0.780519980815,0.7625
dirichlet_10,27,4000,0.360481099592,0.911151070534,3.97052785161,0.971383536306,0.935
within_fire_permutation,28,4000,0.309923143033,0.860422075225,5.08624150609,0.831186285249,0.8025
dirichlet_1,28,4000,0.357281761594,0.905996685254,4.10536378955,0.759879736122,0.7625
dirichlet_10,28,4000,0.364242303418,0.911047200191,4.00230700463,0.96965974383,0.94
within_fire_permutation,29,4000,0.303589949394,0.861521053323,5.05866901298,0.861121291522,0.82
dirichlet_1,29,4000,0.351651122683,0.902987807812,4.13605573186,0.768501423552,0.7525
dirichlet_10,29,4000,0.369696641129,0.912582806896,3.96660388723,0.977228539824,0.93
within_fire_permutation,30,4000,0.300134265771,0.8596650687,5.12884038622,0.859644085701,0.8125
dirichlet_1,30,4000,0.352353756176,0.902018524974,4.1526689493,0.758709297394,0.7625
dirichlet_10,30,4000,0.369254792685,0.907543295737,3.95827075952,0.97778049862,0.9325
within_fire_permutation,31,4000,0.305742568482,0.86033362267,5.05825385463,0.78702956951,0.785
dirichlet_1,31,4000,0.353404815098,0.904881429496,4.11455152518,0.74706473413,0.7375
dirichlet_10,31,4000,0.365616865248,0.913195488447,3.92072224029,0.950351501917,0.9275
within_fire_permutation,32,4000,0.30340489903,0.862396377536,5.12427824721,0.837842834227,0.7925
dirichlet_1,32,4000,0.351894274483,0.906564500847,4.12232324325,0.759164304281,0.7525
dirichlet_10,32,4000,0.35614427918,0.906121970662,4.05194100326,0.980704854629,0.9225
within_fire_permutation,33,4000,0.312243422277,0.863081571263,4.96457168373,0.830135288348,0.7975
dirichlet_1,33,4000,0.353865331048,0.904427142948,4.0667960267,0.743350786487,0.7425
dirichlet_10,33,4000,0.363847006937,0.909637112914,3.9896346789,0.973105891805,0.925
within_fire_permutation,34,4000,0.309613228479,0.862681094187,5.02197875847,0.839989278057,0.79
dirichlet_1,34,4000,0.352589540454,0.903014779564,4.15547518753,0.75881448256,0.7625
dirichlet_10,34,4000,0.366399156512,0.912711317547,3.94227882933,0.960744035944,0.9125
within_fire_permutation,35,4000,0.307277479354,0.861284528026,5.02723946614,0.82423503461,0.7975
dirichlet_1,35,4000,0.353933776347,0.902712003347,4.12483082872,0.768516960638,0.76
dirichlet_10,35,4000,0.3632287732,0.908931386824,3.96594249205,0.973905542286,0.9325
within_fire_permutation,36,4000,0.298983913479,0.85988645514,5.10004205934,0.836148599049,0.7875
dirichlet_1,36,4000,0.356864179736,0.904490085974,4.08971709929,0.746303987262,0.75
dirichlet_10,36,4000,0.361702945478,0.911145402068,3.95631588349,0.982679239557,0.94
within_fire_permutation,37,4000,0.301233485712,0.860210381706,5.09710260669,0.858740625667,0.8075
dirichlet_1,37,4000,0.363906462652,0.906753318885,4.04139582265,0.779880974017,0.765
dirichlet_10,37,4000,0.364786516732,0.912278396339,3.98132095102,0.977169588429,0.94
within_fire_permutation,38,4000,0.306800621222,0.864690548039,4.97531931961,0.874757858479,0.825
dirichlet_1,38,4000,0.356351349166,0.907143352626,4.0846219053,0.746094980373,0.7325
dirichlet_10,38,4000,0.368806161604,0.912353566354,3.93565132462,0.991157474107,0.94
within_fire_permutation,39,4000,0.302897174381,0.860842294688,5.02868513782,0.826588615664,0.78
dirichlet_1,39,4000,0.356736567597,0.90333137957,4.11339154903,0.7619286765,0.7525
dirichlet_10,39,4000,0.352979832696,0.907894545276,4.03010265525,0.959673867108,0.9425
within_fire_permutation,40,4000,0.307104612382,0.861013113015,5.0493178431,0.849973804025,0.8175
dirichlet_1,40,4000,0.353740815033,0.899294949213,4.13785999145,0.735281091427,0.73
dirichlet_10,40,4000,0.366090602659,0.910013132276,3.97247678438,0.974151637793,0.9175
within_fire_permutation,41,4000,0.306130084016,0.859634195423,5.05092904197,0.830672856236,0.795
dirichlet_1,41,4000,0.355122986355,0.905545651117,4.12136689996,0.784857779315,0.7825
dirichlet_10,41,4000,0.36843870559,0.911560412462,3.92825002581,0.963766726214,0.9125
within_fire_permutation,42,4000,0.312849906679,0.863352603856,5.01175610514,0.871326728294,0.8275
dirichlet_1,42,4000,0.354015379875,0.904249208503,4.13019567482,0.744898692488,0.745
dirichlet_10,42,4000,0.362124898579,0.908301377088,4.00120838353,0.964686890033,0.9425
within_fire_permutation,43,4000,0.306076389406,0.863177680413,4.96901835935,0.841204477597,0.7625
dirichlet_1,43,4000,0.351808141905,0.904571770067,4.15649635887,0.750438875016,0.7575
dirichlet_10,43,4000,0.356394762133,0.909302199947,4.04699941582,0.956397694224,0.9125
within_fire_permutation,44,4000,0.300416602702,0.860179231782,5.09878284027,0.874170222048,0.82
dirichlet_1,44,4000,0.349445020869,0.903039448281,4.15244693587,0.749308097295,0.7625
dirichlet_10,44,4000,0.362482153811,0.910642040526,3.9536143316,0.978424794115,0.9375
within_fire_permutation,45,4000,0.300163916126,0.861920775308,5.09829853189,0.855141268363,0.8
dirichlet_1,45,4000,0.350532048047,0.902851861663,4.15398112688,0.762621998784,0.76
dirichlet_10,45,4000,0.356723346652,0.906724897622,4.03691153178,0.974466345008,0.94
within_fire_permutation,46,4000,0.296234411101,0.860202061628,5.08086015466,0.828601956674,0.785
dirichlet_1,46,4000,0.358311838093,0.904027796933,4.11160028264,0.744268090374,0.7525
dirichlet_10,46,4000,0.358247745822,0.908982296852,4.02348868661,0.971217150783,0.94
within_fire_permutation,47,4000,0.305204157778,0.858159661816,5.08165647451,0.860024156698,0.8175
dirichlet_1,47,4000,0.353639606106,0.902524215657,4.12563936444,0.749418877001,0.7475
dirichlet_10,47,4000,0.362303829352,0.912821840822,4.01238400176,0.961510214133,0.93
within_fire_permutation,48,4000,0.303750115318,0.856918037212,5.07414511987,0.837197348946,0.7925
dirichlet_1,48,4000,0.358836386526,0.903520076787,4.1212256117,0.766099391019,0.7575
dirichlet_10,48,4000,0.356257876435,0.910954885006,4.0220911799,0.959192973154,0.9325
within_fire_permutation,49,4000,0.308129402608,0.863028820149,5.03515816035,0.846366532627,0.815
dirichlet_1,49,4000,0.352693876062,0.901782458109,4.13836434046,0.761469045756,0.7625
dirichlet_10,49,4000,0.362310891613,0.913826001602,3.99723223218,0.979053982609,0.9225
within_fire_permutation,50,4000,0.301891536266,0.86222665229,5.05474134156,0.846593059338,0.82
dirichlet_1,50,4000,0.351526400333,0.902030844872,4.14615644531,0.741666995214,0.7525
dirichlet_10,50,4000,0.367610907814,0.91116802899,3.96259214359,0.978690526542,0.9375
within_fire_permutation,51,4000,0.310893435845,0.863963221797,4.99287012205,0.824116466612,0.765
dirichlet_1,51,4000,0.352644783396,0.902531546599,4.12632316464,0.757251761519,0.7525
dirichlet_10,51,4000,0.366899574454,0.913382475133,3.95780018969,0.970796383891,0.9275
within_fire_permutation,52,4000,0.305338815849,0.860767303615,5.06561242829,0.8039876628,0.785
dirichlet_1,52,4000,0.355289675396,0.903861098317,4.10394573074,0.782348719319,0.7725
dirichlet_10,52,4000,0.360889590859,0.91411279814,3.94036435519,0.961633291913,0.8925
within_fire_permutation,53,4000,0.308121922988,0.860898896223,5.06783497718,0.857396986562,0.8075
dirichlet_1,53,4000,0.358582236995,0.905643272195,4.07185239686,0.758784999582,0.7525
dirichlet_10,53,4000,0.363564393635,0.910573878578,3.98511351788,0.974530963458,0.9325
within_fire_permutation,54,4000,0.304090082193,0.86062137055,5.08708475334,0.826008540915,0.82
dirichlet_1,54,4000,0.348929306776,0.902466644493,4.13953136931,0.779050991962,0.7825
dirichlet_10,54,4000,0.358326338176,0.911977169028,3.97574602661,0.964921617622,0.92
within_fire_permutation,55,4000,0.310072041243,0.862897158739,5.04601254982,0.829757852982,0.795
dirichlet_1,55,4000,0.347537367229,0.902807886065,4.12957549525,0.771822832692,0.7575
dirichlet_10,55,4000,0.366163508755,0.911187637259,3.97153522888,0.963456417439,0.9325
within_fire_permutation,56,4000,0.296946534722,0.858815821617,5.08069137271,0.846946733917,0.7925
dirichlet_1,56,4000,0.343396878414,0.902133413466,4.20806843114,0.761029088303,0.7475
dirichlet_10,56,4000,0.362383525943,0.909172131667,3.97069766395,0.952722940514,0.9175
within_fire_permutation,57,4000,0.301149428524,0.85959577102,5.13016838787,0.853783745537,0.8125
dirichlet_1,57,4000,0.358021142538,0.905122891561,4.09070749044,0.758705692312,0.7525
dirichlet_10,57,4000,0.36574013876,0.9107680887,3.96712895442,0.986752409458,0.925
within_fire_permutation,58,4000,0.306672384498,0.861164172551,5.05770046497,0.833337164821,0.775
dirichlet_1,58,4000,0.354505467094,0.901987075188,4.14804099121,0.749690515095,0.7525
dirichlet_10,58,4000,0.362515570441,0.912651829927,3.92285102061,0.954573549123,0.935
within_fire_permutation,59,4000,0.301240382253,0.859659824019,5.09527068359,0.859874578854,0.8325
dirichlet_1,59,4000,0.348441013947,0.901047054712,4.12910532212,0.757160047054,0.7475
dirichlet_10,59,4000,0.367977321461,0.91297176841,3.93788707217,0.967641058766,0.9275
within_fire_permutation,60,4000,0.301469160582,0.862112235961,5.0892564871,0.848295714863,0.8025
dirichlet_1,60,4000,0.347038617823,0.901601687034,4.15091678273,0.748680034323,0.7425
dirichlet_10,60,4000,0.359422705825,0.910961733979,4.00928209736,0.975378453861,0.9425
within_fire_permutation,61,4000,0.306870242638,0.860200725862,5.03515396957,0.860704851766,0.8125
dirichlet_1,61,4000,0.352056998352,0.903421431751,4.154241928,0.774414015031,0.77
dirichlet_10,61,4000,0.368980873301,0.913250368723,3.90151598672,0.956542797283,0.935
within_fire_permutation,62,4000,0.29630156474,0.864020167928,5.07420845184,0.816799549033,0.7725
dirichlet_1,62,4000,0.363297439281,0.904441101554,4.03081538446,0.779427529215,0.7675
dirichlet_10,62,4000,0.359671554226,0.90806626298,3.97292155334,0.97782933313,0.93
within_fire_permutation,63,4000,0.308478218054,0.862447174028,5.06935374559,0.833639667582,0.7975
dirichlet_1,63,4000,0.350090423176,0.903549325542,4.15748736583,0.767219822093,0.7625
dirichlet_10,63,4000,0.365577756067,0.911577261169,3.9592008097,0.978282377642,0.9175
within_fire_permutation,64,4000,0.303963344537,0.861441009556,5.09250824856,0.838064679737,0.8025
dirichlet_1,64,4000,0.351386458169,0.902524353824,4.16801529645,0.789854275953,0.7875
dirichlet_10,64,4000,0.35574690799,0.911420609809,4.013508806,0.967634146153,0.94
within_fire_permutation,65,4000,0.310428349207,0.863349502026,5.04359536006,0.87364723696,0.81
dirichlet_1,65,4000,0.353612768225,0.903175325366,4.09295872219,0.740504751048,0.7475
dirichlet_10,65,4000,0.353526780634,0.907490415216,4.02041494075,0.962167149779,0.91
within_fire_permutation,66,4000,0.30547463563,0.858476380262,5.09094628294,0.826494775688,0.7975
dirichlet_1,66,4000,0.357509515361,0.904344816215,4.10705667997,0.746776892006,0.745
dirichlet_10,66,4000,0.358360310762,0.911796558009,3.99017407051,0.970894399246,0.92
within_fire_permutation,67,4000,0.303347687859,0.861770382282,5.06008335495,0.838492185952,0.8
dirichlet_1,67,4000,0.350071811903,0.902438675024,4.16381865456,0.78953443323,0.78
dirichlet_10,67,4000,0.362333602757,0.912764237519,3.92075854144,0.965872622674,0.92
within_fire_permutation,68,4000,0.298954738769,0.859839678839,5.10495378821,0.873601882824,0.82
dirichlet_1,68,4000,0.346896715461,0.902908321313,4.15846848831,0.766952641882,0.755
dirichlet_10,68,4000,0.354884676099,0.911606795407,4.01960943695,0.970629252117,0.9275
within_fire_permutation,69,4000,0.302381439699,0.857954413556,5.10666507238,0.869673235705,0.8225
dirichlet_1,69,4000,0.349401621657,0.903727036379,4.13440428577,0.772084728951,0.78
dirichlet_10,69,4000,0.370597772075,0.913415576461,3.92517355526,0.972035724094,0.9225
within_fire_permutation,70,4000,0.302276436041,0.858599830632,5.07919799157,0.849801358523,0.8125
dirichlet_1,70,4000,0.347433563144,0.904836955129,4.12872762178,0.750423956457,0.74
dirichlet_10,70,4000,0.363669178406,0.91094570796,3.96468670646,0.981835743635,0.9275
within_fire_permutation,71,4000,0.30859412127,0.865038568574,5.06158829887,0.841610670976,0.805
dirichlet_1,71,4000,0.357922172844,0.905058520545,4.1359183851,0.766051615067,0.77
dirichlet_10,71,4000,0.362501217951,0.909115912299,4.02307718551,0.989085121422,0.93
within_fire_permutation,72,4000,0.307833635999,0.866591045859,5.02730945759,0.870116519702,0.815
dirichlet_1,72,4000,0.356908572626,0.901276414175,4.13056583397,0.744474989561,0.7525
dirichlet_10,72,4000,0.359374652797,0.907817773085,4.02345056499,0.983061236562,0.9275
within_fire_permutation,73,4000,0.3075409404,0.863799548768,5.05200867797,0.843400257554,0.8125
dirichlet_1,73,4000,0.350637430838,0.903749559824,4.11522908384,0.786651479013,0.785
dirichlet_10,73,4000,0.355498294538,0.910266002727,4.01400420172,0.963533276609,0.925
within_fire_permutation,74,4000,0.302495935053,0.85901200358,5.064995103,0.840084610171,0.79
dirichlet_1,74,4000,0.354566189896,0.901414560734,4.13752056574,0.785236761466,0.7675
dirichlet_10,74,4000,0.360897806955,0.909136388191,3.98722431942,0.968536395,0.925
within_fire_permutation,75,4000,0.303076511011,0.863521196355,5.05862970816,0.805624651952,0.78
dirichlet_1,75,4000,0.355201952554,0.90581148247,4.08867232481,0.760876974411,0.7525
dirichlet_10,75,4000,0.366696474747,0.909903800479,3.97709971077,0.986741714066,0.925
within_fire_permutation,76,4000,0.303952164257,0.861325133747,5.07160271297,0.85413434918,0.8125
dirichlet_1,76,4000,0.354879795889,0.904567930649,4.11226567379,0.748749276893,0.755
dirichlet_10,76,4000,0.361909506909,0.911999886412,3.96836835562,0.971377708424,0.9225
within_fire_permutation,77,4000,0.306831439134,0.860992091117,5.07299511383,0.837226898293,0.7875
dirichlet_1,77,4000,0.357005901517,0.904283598132,4.1225670021,0.75768117539,0.7625
dirichlet_10,77,4000,0.362585796417,0.913839628031,3.9639008693,0.964505161188,0.905
within_fire_permutation,78,4000,0.307270305085,0.860945289241,5.06990635424,0.872198854534,0.8125
dirichlet_1,78,4000,0.351747238859,0.90202617455,4.11704668806,0.731940489061,0.74
dirichlet_10,78,4000,0.366735994954,0.913152468739,3.92753068469,0.961994333795,0.9025
within_fire_permutation,79,4000,0.300240784147,0.860259121144,5.12520712174,0.844721395352,0.7925
dirichlet_1,79,4000,0.354754966685,0.906547804754,4.06497602701,0.786798036619,0.7675
dirichlet_10,79,4000,0.365910542462,0.911551698141,3.9379115952,0.966660653791,0.9325
within_fire_permutation,80,4000,0.300486018082,0.855535896555,5.11451866275,0.851973996894,0.8125
dirichlet_1,80,4000,0.35194279908,0.90647829513,4.15236553253,0.756755492925,0.755
dirichlet_10,80,4000,0.361037299259,0.910186478366,3.98763838938,0.985019415879,0.9275
within_fire_permutation,81,4000,0.30205986773,0.861566918309,5.07404898037,0.83749230563,0.81
dirichlet_1,81,4000,0.358971060555,0.904987089019,4.08088533442,0.729386536248,0.735
dirichlet_10,81,4000,0.362245420587,0.90716112689,4.02392238874,0.986305619198,0.9375
within_fire_permutation,82,4000,0.299701915602,0.861139747741,5.10796642852,0.864939708227,0.805
dirichlet_1,82,4000,0.350133652471,0.903338301928,4.16329748515,0.756412418604,0.755
dirichlet_10,82,4000,0.365910594752,0.910370210168,3.92321223703,0.989179878017,0.9375
within_fire_permutation,83,4000,0.301688204892,0.860372194767,5.07661227394,0.807945882199,0.8025
dirichlet_1,83,4000,0.351059395097,0.901558047355,4.16020991464,0.754195372242,0.7475
dirichlet_10,83,4000,0.35712859524,0.91360382723,3.95980659834,0.973839657633,0.9325
within_fire_permutation,84,4000,0.303406637519,0.861094377738,5.07416266328,0.823645398685,0.795
dirichlet_1,84,4000,0.354843283546,0.903801164575,4.12142026325,0.75241847943,0.7575
dirichlet_10,84,4000,0.360943712556,0.908632169923,3.99027061226,0.970607793829,0.9275
within_fire_permutation,85,4000,0.314604668264,0.859585495272,5.00349883667,0.835225381046,0.7825
dirichlet_1,85,4000,0.359143182049,0.904157376068,4.10741973986,0.750354530871,0.7475
dirichlet_10,85,4000,0.355521608263,0.911293563265,3.97463989188,0.960854127695,0.925
within_fire_permutation,86,4000,0.299935415461,0.85806944292,5.09356098064,0.859142804031,0.8225
dirichlet_1,86,4000,0.358029858904,0.906759435192,4.04628455843,0.75912409352,0.755
dirichlet_10,86,4000,0.360495044408,0.913317535309,3.99240407158,0.965002844345,0.9225
within_fire_permutation,87,4000,0.304514044071,0.862291538277,5.0658739995,0.806896302813,0.8025
dirichlet_1,87,4000,0.355031238564,0.904079861821,4.11332942625,0.762071276397,0.76
dirichlet_10,87,4000,0.357154034881,0.909349651614,4.0307272979,0.990129233229,0.96
within_fire_permutation,88,4000,0.30967786587,0.859177693203,5.04908073505,0.844491880177,0.795
dirichlet_1,88,4000,0.357309551827,0.900523465887,4.13198066082,0.767615457919,0.76
dirichlet_10,88,4000,0.359433239536,0.905687543296,4.05989087972,0.975097488197,0.9275
within_fire_permutation,89,4000,0.303159541349,0.862341510654,5.07421769979,0.853818565197,0.82
dirichlet_1,89,4000,0.346147540144,0.902542083672,4.15306097929,0.754856671576,0.7525
dirichlet_10,89,4000,0.359013014766,0.911370352852,3.98663770198,0.962944666018,0.9375
within_fire_permutation,90,4000,0.306824017686,0.864660460818,5.03820924776,0.848584004083,0.8
dirichlet_1,90,4000,0.358809938429,0.903865318321,4.13147373842,0.769009595769,0.75
dirichlet_10,90,4000,0.367274135204,0.910161938809,3.99850333544,0.947944807617,0.92
within_fire_permutation,91,4000,0.305048610022,0.856114101119,5.12171807541,0.878626453485,0.825
dirichlet_1,91,4000,0.35566481702,0.906011811677,4.08786116447,0.768532744981,0.755
dirichlet_10,91,4000,0.358964192323,0.910575430956,4.00662204009,0.975014448738,0.945
within_fire_permutation,92,4000,0.305149912972,0.86094011241,5.05681413532,0.855099404999,0.82
dirichlet_1,92,4000,0.35733889754,0.904118764085,4.09428236485,0.733081460239,0.74
dirichlet_10,92,4000,0.362147170335,0.910169754845,3.95255643842,0.939619224743,0.92
within_fire_permutation,93,4000,0.300664879021,0.863267752017,5.06836006189,0.848496837516,0.8125
dirichlet_1,93,4000,0.357874297314,0.906476475505,4.08419573385,0.74817671816,0.7475
dirichlet_10,93,4000,0.361483768154,0.908503662327,4.02166790807,0.969563984668,0.955
within_fire_permutation,94,4000,0.2975994687,0.862915788203,5.07865436879,0.810611127806,0.77
dirichlet_1,94,4000,0.351702841464,0.901862033945,4.15727016036,0.767837295396,0.755
dirichlet_10,94,4000,0.364250396413,0.910933526238,4.00099807139,0.987849652344,0.9125
within_fire_permutation,95,4000,0.304926078709,0.862476771945,5.03903057154,0.829430109558,0.7975
dirichlet_1,95,4000,0.361606637735,0.901697518658,4.11069340024,0.761629106146,0.765
dirichlet_10,95,4000,0.366282499416,0.911203353662,3.97598732408,0.983619799093,0.92
within_fire_permutation,96,4000,0.307330162048,0.865912829784,4.99332235519,0.839813374419,0.815
dirichlet_1,96,4000,0.355587896779,0.902645915839,4.1215140521,0.757723846532,0.7575
dirichlet_10,96,4000,0.359085170614,0.909968241792,4.005489278,0.97459129857,0.92
within_fire_permutation,97,4000,0.302509195713,0.862083740933,5.06770035432,0.865255898402,0.8075
dirichlet_1,97,4000,0.353428973612,0.903665589372,4.11991560518,0.760255116004,0.7625
dirichlet_10,97,4000,0.355775272315,0.906431755327,4.03765456938,0.991269321974,0.9425
within_fire_permutation,98,4000,0.303813648908,0.85802717729,5.08644258975,0.8395859859,0.805
dirichlet_1,98,4000,0.358779318917,0.906724530797,4.0821509535,0.754335968735,0.755
dirichlet_10,98,4000,0.36472228506,0.911462358459,3.95125631749,0.976662069908,0.935
within_fire_permutation,99,4000,0.303106422036,0.86082448952,5.07642233475,0.840709097634,0.82
dirichlet_1,99,4000,0.353708015237,0.906074924964,4.10239759627,0.749320416813,0.755
dirichlet_10,99,4000,0.368530844117,0.910764987916,3.94488748296,0.972919464962,0.92
