rep,n,subspace_overlap,pc1,first_five,axis1_cosine,axis2_cosine,axis3_cosine,axis4_cosine,axis5_cosine
0,10000,0.998890680907,0.340066402492,0.896102766423,0.999710384351,0.99971226129,0.999935588551,0.999745607631,0.997506425498
1,10000,0.999803507095,0.340331791326,0.895218443924,0.998945106001,0.998953062403,0.999922852971,0.99940457961,0.999426095849
2,10000,0.999357696012,0.341277155591,0.896230074373,0.997957395083,0.997821428771,0.999826015379,0.999717501693,0.998464586943
3,10000,0.99861082918,0.343915396211,0.892796099997,0.999558199483,0.999480451455,0.999724307911,0.999597920285,0.996863370236
4,10000,0.999432360272,0.345515837778,0.895718094712,0.999638192794,0.999647158243,0.999863720179,0.999668243077,0.998990503627
5,10000,0.99980553848,0.337613133953,0.895777319665,0.999878671407,0.999903105833,0.999925876109,0.999569464915,0.999268948067
6,10000,0.998894638591,0.34125264353,0.893905374956,0.998891547706,0.99887663633,0.999560253637,0.99933261047,0.997529004887
7,10000,0.999497768242,0.339852757323,0.894072981128,0.998761945127,0.998727274505,0.999842063192,0.999640866853,0.999022627981
8,10000,0.999254899057,0.343067989381,0.898697594771,0.999972290277,0.999956551651,0.999451489317,0.999449454958,0.998244650414
9,10000,0.99956602408,0.340887531293,0.890413016183,0.999693618856,0.999726001099,0.999878837345,0.999636111464,0.999176778911
10,10000,0.998864946902,0.339728462518,0.89656559068,0.998846147173,0.998800260144,0.999855408113,0.999344164756,0.997233794786
11,10000,0.99893260033,0.340422894798,0.892990429371,0.99950031361,0.999375075075,0.998859861096,0.99891262493,0.99749978585
12,10000,0.999619372692,0.343704395866,0.89654647555,0.999745413145,0.999789953584,0.999626518903,0.999167156869,0.999019818175
13,10000,0.999459150814,0.336445957749,0.893424844226,0.999812206,0.99979214515,0.999593387313,0.999486405015,0.998804807813
14,10000,0.999648453492,0.340261679987,0.898234825782,0.9998488611,0.99977571952,0.999711412749,0.999386715112,0.999430107486
15,10000,0.999401823157,0.338830088506,0.891037908979,0.999962631642,0.999892615384,0.998970157006,0.998500131943,0.998847285844
16,10000,0.999724595242,0.339972078741,0.894633773967,0.999623470484,0.999647548931,0.998702041713,0.998391674934,0.999130262767
17,10000,0.998181359698,0.342011404518,0.89400824829,0.9999258134,0.999915392812,0.999557092959,0.998964119506,0.995227400257
18,10000,0.999620950517,0.339733574179,0.89400914696,0.999965088139,0.999817844923,0.999478386731,0.999076086094,0.99905961688
19,10000,0.999569555214,0.339672769122,0.894429738352,0.999815163964,0.999785649608,0.99992754086,0.999353210824,0.998643400352
20,10000,0.998808750232,0.342624058371,0.89623857146,0.999749030902,0.999742182275,0.999645470096,0.999100323108,0.997224534147
21,10000,0.99872148882,0.341215474535,0.896394361038,0.999835530045,0.999813968997,0.999455221523,0.999158127089,0.997021921688
22,10000,0.999697151669,0.339722574268,0.894414888708,0.998873047507,0.998883198614,0.999784069408,0.998975037182,0.998845508205
23,10000,0.999392387517,0.341965555673,0.891881457689,0.998715482427,0.998720707181,0.999754122662,0.99947516969,0.999084931418
24,10000,0.999662429762,0.339553487443,0.894791134219,0.9977429427,0.997776047205,0.999314944148,0.999209241151,0.999181408584
25,10000,0.999471953049,0.342265060772,0.894767902924,0.997795072166,0.997744747397,0.999500218047,0.999338381625,0.998892138541
26,10000,0.999248545982,0.345516783462,0.898779979359,0.999690225028,0.999501576826,0.999478502407,0.999416862186,0.998168986118
27,10000,0.999161423601,0.343963355929,0.894229205033,0.999076852227,0.999047224336,0.999755353383,0.999633094918,0.998126386967
28,10000,0.998752110468,0.343678732743,0.896523054811,0.99994473311,0.999939263828,0.999753394559,0.998884814697,0.997100414417
29,10000,0.998928688085,0.344456820847,0.897869882085,0.998511989536,0.998414014923,0.999723379735,0.999521488742,0.997766089025
30,10000,0.999604265273,0.340361234789,0.896046446614,0.999790548946,0.999735507913,0.998440382617,0.998415216106,0.999237301273
31,10000,0.999549916477,0.343993857125,0.893123086157,0.999956020891,0.999891907012,0.999748030528,0.999015748273,0.998819778962
32,10000,0.999509158893,0.341732245605,0.89498917814,0.999309320597,0.999139727705,0.999344582059,0.999405727925,0.998754647666
33,10000,0.999290696854,0.340827240165,0.894715893065,0.998070226916,0.998090145432,0.998348965366,0.99788090819,0.998746795523
34,10000,0.999621213124,0.341351907743,0.895378924357,0.999299541826,0.999366568628,0.99964761771,0.99959560446,0.999166273916
35,10000,0.999356249259,0.34288544572,0.893810850732,0.995281573547,0.995253709235,0.999635227478,0.999516607382,0.998692299965
36,10000,0.998846264108,0.340329348345,0.897043734868,0.999176122989,0.999142242642,0.999826651797,0.999640897016,0.997230644796
37,10000,0.999743399645,0.338916370623,0.893290979974,0.999192533489,0.999304544582,0.999819397003,0.999676893619,0.9992676051
38,10000,0.998989967086,0.343040426511,0.898185123002,0.999501016323,0.99945894658,0.999506599393,0.999237413258,0.997786744338
39,10000,0.999431196827,0.338820199345,0.893684044962,0.999331017527,0.999305533522,0.999802284359,0.999689838943,0.99879648656
40,10000,0.999565734261,0.342138518736,0.893498866418,0.99915033097,0.999011535595,0.999786984082,0.999488961661,0.999402147084
41,10000,0.99881250283,0.34062754886,0.893291837248,0.999575283527,0.999371866299,0.999321714683,0.999160436166,0.997602161313
42,10000,0.998987140655,0.340659083449,0.893055399172,0.999387861922,0.999531577141,0.998873430071,0.998486012017,0.998311885175
43,10000,0.999106331795,0.334270813917,0.889761470643,0.99799667745,0.997950452817,0.999169341847,0.997956520255,0.997662604149
44,10000,0.999341096825,0.344224259037,0.898300607442,0.999794705596,0.999778678684,0.999829033388,0.999518238351,0.99881973948
45,10000,0.99893376172,0.341059485045,0.897265192748,0.999904523457,0.999781717237,0.999602141713,0.997911866346,0.996669498438
46,10000,0.999614550924,0.341709661186,0.897097614888,0.999962847178,0.999690956381,0.999613795268,0.999822372062,0.999256392329
47,10000,0.999480363287,0.343777872536,0.892832461378,0.999289782873,0.999363066924,0.999317762169,0.999800078036,0.998999146681
48,10000,0.999641368525,0.343836474367,0.897092742298,0.997508020367,0.997486370075,0.999800691817,0.999279691419,0.999121878246
49,10000,0.999415749307,0.343420975334,0.895442072502,0.999058531114,0.99886746297,0.999665574294,0.999812642618,0.998691872259
50,10000,0.999725863913,0.340877548613,0.89363811573,0.999959494502,0.99989441149,0.99978802126,0.999696116798,0.999183163646
51,10000,0.999279198846,0.340384552062,0.891882391331,0.99986541356,0.999832619816,0.999309543901,0.998396569742,0.99805491032
52,10000,0.999609425332,0.342791404407,0.895488123499,0.999972483749,0.999970736445,0.99954310075,0.999494083572,0.999122255865
53,10000,0.99929458169,0.341097008772,0.895729692694,0.999773562416,0.999870121206,0.999558977456,0.999480711452,0.99839497112
54,10000,0.999541314787,0.348093987457,0.899189804682,0.999412729617,0.999330920921,0.999781698424,0.999318056617,0.999267242279
55,10000,0.999703536944,0.341221308297,0.892244692597,0.997333873025,0.997316181436,0.999884017599,0.99963642217,0.999487830846
56,10000,0.998564480418,0.343376195149,0.892827052452,0.999693315819,0.999545771048,0.999719709611,0.999745855782,0.99674455845
57,10000,0.999681800197,0.343357198437,0.895119659398,0.999410031833,0.999352507052,0.99993140257,0.999561686782,0.999536284627
58,10000,0.999744036902,0.341382677704,0.892947048332,0.999930134857,0.999940221644,0.999378933539,0.99918395059,0.999425379606
59,10000,0.999106761205,0.343072636625,0.895430201222,0.996920621527,0.996947958173,0.999709614815,0.99964876117,0.99825031171
60,10000,0.999453439388,0.33365032389,0.891702605548,0.999577320745,0.999526555486,0.997771965086,0.997393825898,0.998650368393
61,10000,0.999465995663,0.337189090071,0.894220824997,0.998962271438,0.9989693281,0.999392835552,0.997453179119,0.99755909095
62,10000,0.997591157373,0.3442936568,0.894856183351,0.999488742423,0.99934095846,0.999233368759,0.999473820877,0.994032118778
63,10000,0.998802489107,0.343276486847,0.897032716984,0.998634232455,0.998357990011,0.999021644074,0.99899364518,0.996843490923
64,10000,0.998734762913,0.338274069604,0.894136727605,0.999933938092,0.999883640921,0.99954382484,0.998084434269,0.995583458433
65,10000,0.99936885958,0.338175262265,0.892971687405,0.999671291226,0.999479730719,0.999832630818,0.999572093225,0.998772020265
66,10000,0.999667609572,0.339657820157,0.894681113229,0.999890541648,0.999827224541,0.999353742857,0.998660460732,0.998869782264
67,10000,0.999367606075,0.338968231312,0.891477929527,0.999599226662,0.999573094301,0.999865110348,0.999586363715,0.998997747889
68,10000,0.99952938621,0.345712593082,0.898876523669,0.999768986336,0.999514629845,0.999329529209,0.999358087242,0.999409079542
69,10000,0.999429046135,0.340010280766,0.893308368539,0.999682173743,0.999632376274,0.998940406296,0.99817911988,0.999214393457
70,10000,0.998795431301,0.342605030667,0.89559201633,0.999714379606,0.999685830106,0.999733439322,0.999198427158,0.997537689488
71,10000,0.999838196928,0.341999954269,0.896113852881,0.999739576733,0.999800498347,0.999579070734,0.999207396879,0.999309691116
72,10000,0.999565032836,0.338010140412,0.892466088223,0.999000233058,0.999003064542,0.998698561631,0.998228482557,0.999164337398
73,10000,0.999694813338,0.337332384325,0.892861823367,0.999447978509,0.999455085946,0.999651887446,0.999719329505,0.999290274626
74,10000,0.998494940287,0.340502172761,0.894687483897,0.998941834344,0.998967444381,0.99979398464,0.9970167492,0.996029597895
75,10000,0.999522798831,0.34704364258,0.896791683253,0.999837832358,0.999784655324,0.999760847417,0.999575992164,0.999109503197
76,10000,0.999099473607,0.338023298874,0.893271714182,0.999798999871,0.999744113407,0.999725231592,0.999189295167,0.998042947141
77,10000,0.998698165492,0.341415551163,0.892718007302,0.999032545123,0.999012562918,0.999806489796,0.999629280833,0.997063617701
78,10000,0.998824671122,0.33804080964,0.891755048133,0.999904605191,0.999813355795,0.999688501976,0.998956821951,0.996469466224
79,10000,0.999571147913,0.343297260026,0.897816713283,0.999214808066,0.999135353552,0.99849311002,0.997787102864,0.998912797511
80,10000,0.999492950227,0.34020167952,0.89703451886,0.999377049987,0.999347205631,0.999798861375,0.999473250288,0.998864435641
81,10000,0.999392197157,0.334254538796,0.888972724569,0.999746328952,0.999594674246,0.999471814327,0.999629536978,0.998629110547
82,10000,0.999502804423,0.338995183022,0.89503360019,0.999709708754,0.999779405185,0.999858170741,0.999684381812,0.998896968759
83,10000,0.998869836363,0.339213439788,0.894441686805,0.999803524548,0.999643286362,0.999614383289,0.999221001478,0.997184525843
84,10000,0.999729859451,0.340524060928,0.896387601906,0.999790132585,0.999892137939,0.999904499046,0.999645079737,0.99960708299
85,10000,0.999242895013,0.343607982562,0.895509221815,0.999585481678,0.999395133967,0.999747708632,0.998778401596,0.998918492467
86,10000,0.999431515482,0.336973432877,0.892043748452,0.999289606256,0.999296181196,0.999779539587,0.999709712002,0.998812371871
87,10000,0.999184828554,0.341563258539,0.893156831345,0.997637695487,0.997662182605,0.999643460132,0.999473903008,0.998095457372
88,10000,0.998723370448,0.343762903375,0.896255043575,0.998597245986,0.998509466713,0.999635393184,0.999804413089,0.996891895087
89,10000,0.999475162292,0.344867073345,0.896432811237,0.999830277114,0.999852023319,0.999916055385,0.99989306375,0.998841817256
90,10000,0.995686557515,0.347794468214,0.893280221315,0.999948064139,0.999746878463,0.999746137905,0.998312615868,0.988390074591
91,10000,0.99925464751,0.341281113535,0.895361715537,0.999791986257,0.999756823727,0.999619943201,0.999055366323,0.998235555139
92,10000,0.99936509619,0.339338683596,0.892787025133,0.999932621069,0.999897345786,0.999683626611,0.997889894592,0.996869859163
93,10000,0.999319421262,0.341671200514,0.892617518855,0.99940346891,0.999354178355,0.999334219006,0.998987604904,0.998834368704
94,10000,0.99901969492,0.340415465813,0.893363489914,0.999692242338,0.999782780143,0.999627594039,0.998848896744,0.997449606713
95,10000,0.999405437793,0.345732744521,0.894049365086,0.999539452923,0.999338835491,0.999606867943,0.999742157189,0.998792436402
96,10000,0.999531104186,0.345167390258,0.898260197152,0.999619063007,0.999388812473,0.999442067091,0.999396583351,0.998877308632
97,10000,0.998070775169,0.343655376158,0.901373437625,0.999669547754,0.999638088039,0.999819340138,0.999332165244,0.995546958971
98,10000,0.999332548798,0.339794385289,0.892598282593,0.999691553171,0.999653085509,0.999713242611,0.999266934794,0.998876376794
99,10000,0.997996828003,0.341679020078,0.896661007112,0.999860095728,0.999825898674,0.999133429624,0.998776728671,0.99539473364
100,10000,0.999608868689,0.340114502182,0.891725924372,0.998554652462,0.998608198523,0.999874572371,0.999542087265,0.99946342336
101,10000,0.999195182785,0.338170038984,0.895545944056,0.999792253018,0.999727302032,0.999594169905,0.999539718463,0.998197651072
102,10000,0.999416792472,0.344864889623,0.896591580805,0.999630276228,0.999594276892,0.999756245805,0.999682981593,0.998955947228
103,10000,0.999700412009,0.339406464248,0.895267749919,0.999782733999,0.999738977002,0.99979841563,0.999567368629,0.999501819755
104,10000,0.999081952736,0.338926100825,0.891664086645,0.99734552861,0.997351493741,0.99987289636,0.999476770607,0.997886977091
105,10000,0.997909084099,0.341907126677,0.893674915227,0.999768750409,0.999697102713,0.999802137752,0.999120900799,0.994924960226
106,10000,0.99931376564,0.341061953925,0.895842909657,0.999927568651,0.999872216998,0.999924723846,0.999243776482,0.997832267908
107,10000,0.998889661896,0.3404053123,0.895395314648,0.998590427551,0.998471995319,0.99957354379,0.999312946505,0.997673306524
108,10000,0.998681413132,0.338916478187,0.895437442557,0.999778161939,0.999761442328,0.999810801071,0.999759043365,0.997049490144
109,10000,0.999266818026,0.338776480491,0.895340648661,0.999471085531,0.999500847072,0.999791557863,0.999513340009,0.99854691459
110,10000,0.999575957938,0.342279277005,0.8956171728,0.999956535052,0.999927312743,0.999895354376,0.999509616254,0.999440972554
111,10000,0.999186508265,0.343473534439,0.893787613621,0.999862564013,0.999892192062,0.999285804313,0.998386444867,0.997862608496
112,10000,0.999691381747,0.342779015045,0.89495799983,0.999416040115,0.999326934976,0.999553473371,0.999660103249,0.999404806677
113,10000,0.999179700888,0.341953245762,0.892908155456,0.999459606122,0.999452007568,0.999783723697,0.999719739493,0.998087920849
114,10000,0.998683307882,0.339739638504,0.893494425559,0.999809294924,0.999864598654,0.999905097843,0.998979475332,0.996312869608
115,10000,0.999609274354,0.339995449092,0.894293519653,0.999420938523,0.999408215996,0.999352357599,0.999659939271,0.998849758986
116,10000,0.999444404054,0.346381119113,0.8937876019,0.997355222377,0.997292143019,0.999870101946,0.999715531499,0.998779191225
117,10000,0.999456494158,0.342378502099,0.894603754889,0.999149965934,0.998956351556,0.999397292949,0.998413273486,0.998204859909
118,10000,0.999687695527,0.342967032377,0.893069523115,0.999969698141,0.999959664481,0.999571815247,0.99906716488,0.999027046026
119,10000,0.999852311186,0.341587983814,0.893696206339,0.999967185862,0.999912654549,0.999848343798,0.999640060835,0.999798970124
120,10000,0.99956502872,0.339198164228,0.894762226017,0.99968540811,0.999736037207,0.999667837442,0.999669566488,0.99887860487
121,10000,0.9983817031,0.344013843059,0.895625652604,0.999931176842,0.999744942458,0.99950230079,0.998440437204,0.995274305084
122,10000,0.999596104709,0.343420421042,0.897207700633,0.998756772293,0.998681052841,0.999836045528,0.999778425766,0.999230194663
123,10000,0.999609434414,0.339690662019,0.892949182739,0.999182751501,0.999164149312,0.999515898519,0.999492997551,0.999218160896
124,10000,0.999366968683,0.338133997042,0.895029759365,0.999769703621,0.99981571042,0.999616454841,0.999306203531,0.998509525616
125,10000,0.998712019405,0.345727133417,0.892155123393,0.99985579086,0.999838728871,0.999528191099,0.999658639418,0.996825976962
126,10000,0.998568042047,0.342962948487,0.900586736987,0.99975199277,0.99982201067,0.999668297474,0.999674350346,0.996833341993
127,10000,0.999612541751,0.340414796053,0.890329403401,0.998957457144,0.999029258458,0.999575314043,0.999523424649,0.999611860154
128,10000,0.999407546701,0.339913915944,0.891913542618,0.999519556613,0.999540374454,0.999355012911,0.999544383625,0.998760816024
129,10000,0.999176699517,0.340960972366,0.894569069894,0.999000736823,0.998962062339,0.999572096706,0.999180705515,0.997979668997
130,10000,0.998352835636,0.341089005751,0.892106960898,0.998719629431,0.998805964685,0.99939029966,0.999137832043,0.996386896833
131,10000,0.998775902042,0.342402068158,0.895221801547,0.99995208736,0.999670169504,0.999438480444,0.998949347947,0.996983813866
132,10000,0.999185002902,0.343660585591,0.892726849157,0.999630614282,0.999524644598,0.999756793965,0.999528976474,0.998251815555
133,10000,0.998677746368,0.347183627236,0.895867433563,0.998104021381,0.998090940844,0.99942195274,0.99901462658,0.996686215165
134,10000,0.99942453072,0.344235380021,0.897580264694,0.998801786246,0.998856857756,0.999469114576,0.998940196535,0.998552741162
135,10000,0.997789490096,0.343215233933,0.893471848222,0.999249599485,0.99907855282,0.999742246915,0.999431066742,0.994907870914
136,10000,0.999646002197,0.340721019123,0.893721893078,0.999961468539,0.999963747024,0.99982504414,0.999298846453,0.99956255161
137,10000,0.999283191912,0.348041456779,0.8972572494,0.999886368881,0.999904848866,0.999703553658,0.998993154695,0.997886453887
138,10000,0.998038631808,0.341231546417,0.89451110087,0.999833731314,0.999621699727,0.999221780559,0.999427271458,0.995049675114
139,10000,0.999392993169,0.342953067323,0.896092810196,0.999719745584,0.999702518466,0.999589923501,0.998534449113,0.99771443039
140,10000,0.998363700518,0.344359008172,0.897380555783,0.99930409825,0.999238657516,0.9998079876,0.997883226923,0.99541994181
141,10000,0.999038435215,0.3407612178,0.89364509813,0.998232802473,0.998239630374,0.999677127089,0.998825833821,0.997966599044
142,10000,0.998273246141,0.338592208105,0.895901908039,0.995689780263,0.995692140466,0.999913314479,0.999218037297,0.995916842294
143,10000,0.999407950058,0.343337026314,0.895475520427,0.999385801283,0.999393256581,0.999827584209,0.999569580251,0.998715696909
144,10000,0.998104855199,0.343426996918,0.89527859063,0.999830768698,0.999598214018,0.999431352933,0.999223521973,0.995494149277
145,10000,0.999636371177,0.341597333544,0.892640940249,0.999786139507,0.999786782511,0.99939573996,0.999533480593,0.999390994439
146,10000,0.999410634463,0.345476681538,0.896278418037,0.999027267987,0.99899809606,0.99967673871,0.999297642777,0.999100007093
147,10000,0.999503874283,0.33717257603,0.891289837274,0.992329897446,0.992308866761,0.999692390252,0.999306777592,0.998927766299
148,10000,0.99952150303,0.342621163395,0.895475796085,0.999925128882,0.999875991579,0.999839380342,0.999178117823,0.999071647841
149,10000,0.999314662537,0.340381182086,0.894984859784,0.999296110653,0.999306409913,0.999845401846,0.999669416737,0.998665476379
150,10000,0.999258150228,0.342071563752,0.896976755777,0.999949955134,0.99996164019,0.999551856287,0.998550981247,0.997619747801
151,10000,0.998858398378,0.343147992903,0.895264979586,0.999825035773,0.999890926956,0.999582419146,0.998816744564,0.99748131833
152,10000,0.999330786378,0.342195538635,0.893359457573,0.99974750326,0.999746199853,0.999819673963,0.999791804243,0.998637414409
153,10000,0.999548655023,0.346878255406,0.895127562343,0.999887362614,0.999729616124,0.99978904895,0.999743574549,0.99909085959
154,10000,0.999505465374,0.341997465987,0.893147239707,0.999821381232,0.999808715482,0.999879864927,0.999373135664,0.99848709629
155,10000,0.999665643606,0.338272065799,0.895362438745,0.999452051122,0.99936546225,0.999584510837,0.999060603149,0.998936805311
156,10000,0.999422262649,0.341436397746,0.893204170642,0.9995674066,0.99965811842,0.999209424211,0.9989780152,0.999097539293
157,10000,0.998633267727,0.339084044308,0.891397054142,0.998717434862,0.998768937783,0.999543695173,0.999142291584,0.996843646316
158,10000,0.999531673236,0.339446898429,0.893657815502,0.999887466591,0.999858826104,0.999396277185,0.998907364581,0.999252779074
159,10000,0.999104308387,0.340683020012,0.898915470488,0.999695756737,0.999639796843,0.999784176187,0.998626485144,0.997268689209
160,10000,0.998216328402,0.340952969884,0.892299693177,0.999787896186,0.999733555349,0.999770469247,0.999280390416,0.996131732496
161,10000,0.998496597957,0.343054296608,0.897313618917,0.999935221101,0.999871233229,0.99961804005,0.999360782619,0.996731232005
162,10000,0.999526292604,0.343035458755,0.893998421817,0.999979989416,0.999960555324,0.999941197746,0.999721137895,0.99896452487
163,10000,0.998967780393,0.342332654592,0.896007873958,0.999987707955,0.999930672895,0.999917916902,0.999446323186,0.997134819057
164,10000,0.999338240928,0.339289892099,0.89611240464,0.999853570373,0.999785503718,0.999832335919,0.999361383477,0.998783416567
165,10000,0.999463667945,0.338307308199,0.891837924244,0.999927809675,0.999862207076,0.999703119971,0.999719417692,0.998979485984
166,10000,0.999520635627,0.344035974173,0.900065266699,0.999326680264,0.999339371964,0.999522342856,0.999497548448,0.999388810454
167,10000,0.999623875556,0.33954245087,0.891436026637,0.999856933795,0.999742493135,0.999703387487,0.999531138184,0.999462598135
168,10000,0.998459793699,0.341600844222,0.89406529598,0.999805348608,0.999851834922,0.999706550637,0.999417495786,0.996673319007
169,10000,0.999597185738,0.343185574757,0.895005857396,0.998221495302,0.998133050283,0.999598871833,0.999526143471,0.999302220589
170,10000,0.999318905758,0.342552027017,0.895137169156,0.999762846912,0.999678655042,0.998711700398,0.998579774545,0.998578689258
171,10000,0.998767282469,0.340759394715,0.89310655458,0.999936478333,0.999782136641,0.999419948213,0.999579264664,0.997001786554
172,10000,0.999492007982,0.339763352647,0.893545418295,0.999412345894,0.999458161495,0.999733553767,0.999715385282,0.998905928263
173,10000,0.999581162419,0.343104772671,0.891374449633,0.999772201191,0.999815197953,0.999311871,0.999080789008,0.998916291046
174,10000,0.999519994269,0.338348802832,0.89261821196,0.999898451875,0.999885797487,0.999304288168,0.999181805083,0.998931748246
175,10000,0.999474186663,0.338867821784,0.891993100947,0.999917874639,0.999823857704,0.998769882275,0.998532884864,0.998875336922
176,10000,0.998847073118,0.341077860635,0.897055363015,0.999904304878,0.999879809048,0.999734471856,0.999240153397,0.996684148175
177,10000,0.999127543599,0.346551149317,0.893047283879,0.99970757507,0.999700652161,0.999443101325,0.999572786036,0.997945267698
178,10000,0.99926738681,0.338659254407,0.892301108905,0.999315600086,0.998970302129,0.999293313432,0.999123107638,0.998294949182
179,10000,0.999215723917,0.34520378635,0.897683768926,0.999691386759,0.999691199148,0.999872934873,0.999079910807,0.998064875592
180,10000,0.999132076315,0.341862592807,0.897452365251,0.999038352988,0.999020672778,0.999334162774,0.997949009851,0.998888561755
181,10000,0.999157872195,0.34027597533,0.894584302912,0.999976917699,0.999944480178,0.999896697636,0.999781879577,0.997878480197
182,10000,0.99895663724,0.342316143819,0.894461199555,0.999255206837,0.99913525329,0.99944504976,0.999275099798,0.997757852693
183,10000,0.998803591685,0.341184244129,0.895378315956,0.999927654692,0.999896463743,0.999781788162,0.999527352516,0.997413635314
184,10000,0.999544714332,0.343773051694,0.894954263111,0.999527705994,0.999445089623,0.999551719557,0.998822870222,0.998497992876
185,10000,0.9994338931,0.342885412441,0.897180540169,0.999949281547,0.999812694395,0.999720693163,0.998387939236,0.997323525617
186,10000,0.998997874214,0.340572917893,0.897234558519,0.999951434658,0.999884115434,0.999221328434,0.99879987466,0.997585662818
187,10000,0.99971422661,0.341899062659,0.892624089299,0.999813386763,0.999918514137,0.99964855786,0.99961301892,0.999619645378
188,10000,0.999491388935,0.344045649382,0.895290694865,0.999916269786,0.999781574139,0.999808977861,0.999366558459,0.99903444122
189,10000,0.999305910366,0.338316480782,0.89346107262,0.999825191495,0.999916339758,0.999616712334,0.999213042611,0.998919140565
190,10000,0.999762053611,0.345692004257,0.896750074739,0.999581041684,0.999539464479,0.999678238018,0.999524265034,0.999672077977
191,10000,0.999641966625,0.339270023047,0.892341360679,0.998352089935,0.998337676272,0.999892800588,0.999857623645,0.99932865451
192,10000,0.999501879412,0.344457423908,0.894970529539,0.999952631621,0.999972394781,0.999733950074,0.998886160437,0.998346996943
193,10000,0.998726445073,0.342628692114,0.894354183315,0.999920881918,0.999800142421,0.999619959863,0.999454314789,0.996822759706
194,10000,0.999591233635,0.337871771217,0.890803243414,0.999076159686,0.999068632051,0.999260035031,0.998283790499,0.998531248531
195,10000,0.999457805432,0.34304006629,0.896294066466,0.999824425483,0.999874696658,0.999499828521,0.999106603116,0.99901592581
196,10000,0.999280557777,0.338528000307,0.894599942003,0.999943792806,0.999909131406,0.999816507052,0.999479310984,0.99823106139
197,10000,0.999238518598,0.33922961652,0.891795791935,0.998321950935,0.998278539713,0.999345978399,0.999772377843,0.998158640968
198,10000,0.998985551962,0.337908093502,0.893735401383,0.996400667339,0.99634135875,0.999868670366,0.99947946985,0.997528283369
199,10000,0.999127295323,0.337410588917,0.889352962995,0.999904348431,0.999964002242,0.999527340544,0.999320208875,0.997933037346
