fire_id,timestamp,_merge,in_event_catalog,reason
102924,2005-08-07,left_only,False,daily_id_absent_from_event_catalog
102924,2005-08-09,left_only,False,daily_id_absent_from_event_catalog
102924,2005-08-11,left_only,False,daily_id_absent_from_event_catalog
102924,2005-08-12,left_only,False,daily_id_absent_from_event_catalog
104995,2005-08-23,left_only,False,daily_id_absent_from_event_catalog
108524,2005-09-28,left_only,False,daily_id_absent_from_event_catalog
108840,2005-09-28,left_only,False,daily_id_absent_from_event_catalog
108840,2005-09-29,left_only,False,daily_id_absent_from_event_catalog
108840,2005-09-30,left_only,False,daily_id_absent_from_event_catalog
108840,2005-10-03,left_only,False,daily_id_absent_from_event_catalog
109576,2005-10-07,left_only,False,daily_id_absent_from_event_catalog
110449,2005-10-16,left_only,False,daily_id_absent_from_event_catalog
110449,2005-10-25,left_only,False,daily_id_absent_from_event_catalog
110587,2005-10-21,left_only,False,daily_id_absent_from_event_catalog
111136,2005-10-31,left_only,False,daily_id_absent_from_event_catalog
112077,2005-11-16,left_only,False,daily_id_absent_from_event_catalog
112077,2005-11-22,left_only,False,daily_id_absent_from_event_catalog
113633,2006-01-06,left_only,False,daily_id_absent_from_event_catalog
113633,2006-01-08,left_only,False,daily_id_absent_from_event_catalog
114347,2006-02-05,left_only,False,daily_id_absent_from_event_catalog
114347,2006-02-06,left_only,False,daily_id_absent_from_event_catalog
114347,2006-02-07,left_only,False,daily_id_absent_from_event_catalog
114347,2006-02-08,left_only,False,daily_id_absent_from_event_catalog
114347,2006-02-09,left_only,False,daily_id_absent_from_event_catalog
114347,2006-02-11,left_only,False,daily_id_absent_from_event_catalog
114347,2006-02-13,left_only,False,daily_id_absent_from_event_catalog
115143,2006-02-17,left_only,False,daily_id_absent_from_event_catalog
115143,2006-02-19,left_only,False,daily_id_absent_from_event_catalog
115143,2006-02-22,left_only,False,daily_id_absent_from_event_catalog
115187,2006-02-24,left_only,False,daily_id_absent_from_event_catalog
115587,2006-02-28,left_only,False,daily_id_absent_from_event_catalog
115587,2006-03-02,left_only,False,daily_id_absent_from_event_catalog
116266,2006-03-03,left_only,False,daily_id_absent_from_event_catalog
116266,2006-03-04,left_only,False,daily_id_absent_from_event_catalog
116266,2006-03-07,left_only,False,daily_id_absent_from_event_catalog
116266,2006-03-09,left_only,False,daily_id_absent_from_event_catalog
116266,2006-03-11,left_only,False,daily_id_absent_from_event_catalog
116266,2006-03-15,left_only,False,daily_id_absent_from_event_catalog
116363,2006-03-04,left_only,False,daily_id_absent_from_event_catalog
116363,2006-03-06,left_only,False,daily_id_absent_from_event_catalog
116363,2006-03-08,left_only,False,daily_id_absent_from_event_catalog
116363,2006-03-09,left_only,False,daily_id_absent_from_event_catalog
117198,2006-03-14,left_only,False,daily_id_absent_from_event_catalog
117198,2006-03-16,left_only,False,daily_id_absent_from_event_catalog
117198,2006-03-17,left_only,False,daily_id_absent_from_event_catalog
118338,2006-03-29,left_only,False,daily_id_absent_from_event_catalog
118338,2006-03-30,left_only,False,daily_id_absent_from_event_catalog
118338,2006-03-31,left_only,False,daily_id_absent_from_event_catalog
118338,2006-04-01,left_only,False,daily_id_absent_from_event_catalog
118338,2006-04-02,left_only,False,daily_id_absent_from_event_catalog
118338,2006-04-03,left_only,False,daily_id_absent_from_event_catalog
118338,2006-04-04,left_only,False,daily_id_absent_from_event_catalog
11853,2002-01-30,left_only,False,daily_id_absent_from_event_catalog
127587,2006-08-23,left_only,False,daily_id_absent_from_event_catalog
127587,2006-08-24,left_only,False,daily_id_absent_from_event_catalog
127587,2006-08-25,left_only,False,daily_id_absent_from_event_catalog
127587,2006-08-27,left_only,False,daily_id_absent_from_event_catalog
127587,2006-08-28,left_only,False,daily_id_absent_from_event_catalog
127587,2006-08-29,left_only,False,daily_id_absent_from_event_catalog
127587,2006-08-31,left_only,False,daily_id_absent_from_event_catalog
127587,2006-09-01,left_only,False,daily_id_absent_from_event_catalog
127587,2006-09-02,left_only,False,daily_id_absent_from_event_catalog
127770,2006-09-01,left_only,False,daily_id_absent_from_event_catalog
132579,2006-11-22,left_only,False,daily_id_absent_from_event_catalog
134415,2007-02-11,left_only,False,daily_id_absent_from_event_catalog
134415,2007-02-15,left_only,False,daily_id_absent_from_event_catalog
134604,2007-02-08,left_only,False,daily_id_absent_from_event_catalog
134604,2007-02-10,left_only,False,daily_id_absent_from_event_catalog
134604,2007-02-17,left_only,False,daily_id_absent_from_event_catalog
134604,2007-02-18,left_only,False,daily_id_absent_from_event_catalog
134604,2007-02-19,left_only,False,daily_id_absent_from_event_catalog
134604,2007-02-22,left_only,False,daily_id_absent_from_event_catalog
134604,2007-02-23,left_only,False,daily_id_absent_from_event_catalog
136583,2007-03-05,left_only,False,daily_id_absent_from_event_catalog
136583,2007-03-07,left_only,False,daily_id_absent_from_event_catalog
136583,2007-03-08,left_only,False,daily_id_absent_from_event_catalog
136583,2007-03-12,left_only,False,daily_id_absent_from_event_catalog
137978,2007-03-25,left_only,False,daily_id_absent_from_event_catalog
140773,2007-05-18,left_only,False,daily_id_absent_from_event_catalog
140863,2007-05-12,left_only,False,daily_id_absent_from_event_catalog
140863,2007-05-16,left_only,False,daily_id_absent_from_event_catalog
14483,2002-04-07,left_only,False,daily_id_absent_from_event_catalog
14483,2002-04-11,left_only,False,daily_id_absent_from_event_catalog
152553,2007-10-18,left_only,False,daily_id_absent_from_event_catalog
152553,2007-10-19,left_only,False,daily_id_absent_from_event_catalog
152553,2007-10-21,left_only,False,daily_id_absent_from_event_catalog
152553,2007-10-22,left_only,False,daily_id_absent_from_event_catalog
152553,2007-10-27,left_only,False,daily_id_absent_from_event_catalog
152553,2007-10-28,left_only,False,daily_id_absent_from_event_catalog
152553,2007-10-30,left_only,False,daily_id_absent_from_event_catalog
152566,2007-10-18,left_only,False,daily_id_absent_from_event_catalog
152566,2007-10-25,left_only,False,daily_id_absent_from_event_catalog
152566,2007-10-26,left_only,False,daily_id_absent_from_event_catalog
152566,2007-10-27,left_only,False,daily_id_absent_from_event_catalog
152566,2007-10-28,left_only,False,daily_id_absent_from_event_catalog
152566,2007-10-29,left_only,False,daily_id_absent_from_event_catalog
152566,2007-10-30,left_only,False,daily_id_absent_from_event_catalog
152566,2007-10-31,left_only,False,daily_id_absent_from_event_catalog
152566,2007-11-01,left_only,False,daily_id_absent_from_event_catalog
153636,2007-11-05,left_only,False,daily_id_absent_from_event_catalog
153636,2007-11-06,left_only,False,daily_id_absent_from_event_catalog
153636,2007-11-11,left_only,False,daily_id_absent_from_event_catalog
154537,2007-12-07,left_only,False,daily_id_absent_from_event_catalog
155229,2008-01-04,left_only,False,daily_id_absent_from_event_catalog
155229,2008-01-05,left_only,False,daily_id_absent_from_event_catalog
155229,2008-01-06,left_only,False,daily_id_absent_from_event_catalog
155229,2008-01-07,left_only,False,daily_id_absent_from_event_catalog
155229,2008-01-08,left_only,False,daily_id_absent_from_event_catalog
156022,2008-02-03,left_only,False,daily_id_absent_from_event_catalog
156022,2008-02-05,left_only,False,daily_id_absent_from_event_catalog
156669,2008-02-21,left_only,False,daily_id_absent_from_event_catalog
156819,2008-02-21,left_only,False,daily_id_absent_from_event_catalog
157073,2008-02-28,left_only,False,daily_id_absent_from_event_catalog
157073,2008-03-02,left_only,False,daily_id_absent_from_event_catalog
157073,2008-03-03,left_only,False,daily_id_absent_from_event_catalog
157073,2008-03-05,left_only,False,daily_id_absent_from_event_catalog
157073,2008-03-06,left_only,False,daily_id_absent_from_event_catalog
157073,2008-03-07,left_only,False,daily_id_absent_from_event_catalog
157073,2008-03-08,left_only,False,daily_id_absent_from_event_catalog
157073,2008-03-09,left_only,False,daily_id_absent_from_event_catalog
157073,2008-03-14,left_only,False,daily_id_absent_from_event_catalog
157652,2008-03-13,left_only,False,daily_id_absent_from_event_catalog
157652,2008-03-15,left_only,False,daily_id_absent_from_event_catalog
157652,2008-03-16,left_only,False,daily_id_absent_from_event_catalog
157818,2008-03-08,left_only,False,daily_id_absent_from_event_catalog
157818,2008-03-11,left_only,False,daily_id_absent_from_event_catalog
158005,2008-03-10,left_only,False,daily_id_absent_from_event_catalog
158005,2008-03-14,left_only,False,daily_id_absent_from_event_catalog
158133,2008-03-12,left_only,False,daily_id_absent_from_event_catalog
158133,2008-03-22,left_only,False,daily_id_absent_from_event_catalog
158133,2008-03-24,left_only,False,daily_id_absent_from_event_catalog
158265,2008-03-13,left_only,False,daily_id_absent_from_event_catalog
158463,2008-03-14,left_only,False,daily_id_absent_from_event_catalog
158463,2008-03-16,left_only,False,daily_id_absent_from_event_catalog
158463,2008-03-17,left_only,False,daily_id_absent_from_event_catalog
158463,2008-03-18,left_only,False,daily_id_absent_from_event_catalog
158463,2008-03-19,left_only,False,daily_id_absent_from_event_catalog
158463,2008-03-22,left_only,False,daily_id_absent_from_event_catalog
158463,2008-03-23,left_only,False,daily_id_absent_from_event_catalog
159666,2008-04-02,left_only,False,daily_id_absent_from_event_catalog
161524,2008-04-24,left_only,False,daily_id_absent_from_event_catalog
162279,2008-05-03,left_only,False,daily_id_absent_from_event_catalog
162279,2008-05-06,left_only,False,daily_id_absent_from_event_catalog
162279,2008-05-07,left_only,False,daily_id_absent_from_event_catalog
163504,2008-05-08,left_only,False,daily_id_absent_from_event_catalog
163504,2008-05-11,left_only,False,daily_id_absent_from_event_catalog
163504,2008-05-14,left_only,False,daily_id_absent_from_event_catalog
163504,2008-05-17,left_only,False,daily_id_absent_from_event_catalog
166473,2008-06-20,left_only,False,daily_id_absent_from_event_catalog
166473,2008-06-22,left_only,False,daily_id_absent_from_event_catalog
166473,2008-06-23,left_only,False,daily_id_absent_from_event_catalog
166473,2008-06-24,left_only,False,daily_id_absent_from_event_catalog
166473,2008-06-25,left_only,False,daily_id_absent_from_event_catalog
166473,2008-06-26,left_only,False,daily_id_absent_from_event_catalog
166473,2008-06-27,left_only,False,daily_id_absent_from_event_catalog
166473,2008-06-28,left_only,False,daily_id_absent_from_event_catalog
166473,2008-06-29,left_only,False,daily_id_absent_from_event_catalog
166473,2008-06-30,left_only,False,daily_id_absent_from_event_catalog
166473,2008-07-01,left_only,False,daily_id_absent_from_event_catalog
166473,2008-07-02,left_only,False,daily_id_absent_from_event_catalog
166473,2008-07-03,left_only,False,daily_id_absent_from_event_catalog
166473,2008-07-04,left_only,False,daily_id_absent_from_event_catalog
166473,2008-07-05,left_only,False,daily_id_absent_from_event_catalog
166473,2008-07-06,left_only,False,daily_id_absent_from_event_catalog
166473,2008-07-07,left_only,False,daily_id_absent_from_event_catalog
166473,2008-07-08,left_only,False,daily_id_absent_from_event_catalog
166473,2008-07-12,left_only,False,daily_id_absent_from_event_catalog
166473,2008-07-13,left_only,False,daily_id_absent_from_event_catalog
166473,2008-07-14,left_only,False,daily_id_absent_from_event_catalog
166473,2008-07-15,left_only,False,daily_id_absent_from_event_catalog
166473,2008-07-16,left_only,False,daily_id_absent_from_event_catalog
166473,2008-07-17,left_only,False,daily_id_absent_from_event_catalog
166473,2008-07-18,left_only,False,daily_id_absent_from_event_catalog
166473,2008-07-19,left_only,False,daily_id_absent_from_event_catalog
166473,2008-07-20,left_only,False,daily_id_absent_from_event_catalog
166473,2008-07-21,left_only,False,daily_id_absent_from_event_catalog
166473,2008-07-22,left_only,False,daily_id_absent_from_event_catalog
166473,2008-07-23,left_only,False,daily_id_absent_from_event_catalog
166473,2008-07-24,left_only,False,daily_id_absent_from_event_catalog
166473,2008-07-25,left_only,False,daily_id_absent_from_event_catalog
166473,2008-07-26,left_only,False,daily_id_absent_from_event_catalog
166473,2008-07-27,left_only,False,daily_id_absent_from_event_catalog
166473,2008-07-28,left_only,False,daily_id_absent_from_event_catalog
166473,2008-07-29,left_only,False,daily_id_absent_from_event_catalog
166473,2008-07-30,left_only,False,daily_id_absent_from_event_catalog
166473,2008-07-31,left_only,False,daily_id_absent_from_event_catalog
166473,2008-08-01,left_only,False,daily_id_absent_from_event_catalog
166567,2008-06-29,left_only,False,daily_id_absent_from_event_catalog
166580,2008-06-22,left_only,False,daily_id_absent_from_event_catalog
166580,2008-06-24,left_only,False,daily_id_absent_from_event_catalog
166580,2008-06-26,left_only,False,daily_id_absent_from_event_catalog
166580,2008-06-27,left_only,False,daily_id_absent_from_event_catalog
166580,2008-06-28,left_only,False,daily_id_absent_from_event_catalog
166580,2008-06-29,left_only,False,daily_id_absent_from_event_catalog
166580,2008-06-30,left_only,False,daily_id_absent_from_event_catalog
166580,2008-07-02,left_only,False,daily_id_absent_from_event_catalog
167366,2008-07-13,left_only,False,daily_id_absent_from_event_catalog
169431,2008-08-06,left_only,False,daily_id_absent_from_event_catalog
169824,2008-08-13,left_only,False,daily_id_absent_from_event_catalog
172548,2008-10-02,left_only,False,daily_id_absent_from_event_catalog
176382,2008-11-16,left_only,False,daily_id_absent_from_event_catalog
176382,2008-11-21,left_only,False,daily_id_absent_from_event_catalog
176382,2008-11-25,left_only,False,daily_id_absent_from_event_catalog
176959,2008-12-15,left_only,False,daily_id_absent_from_event_catalog
177685,2009-01-12,left_only,False,daily_id_absent_from_event_catalog
177982,2009-01-22,left_only,False,daily_id_absent_from_event_catalog
178247,2009-01-27,left_only,False,daily_id_absent_from_event_catalog
178247,2009-01-30,left_only,False,daily_id_absent_from_event_catalog
178247,2009-02-01,left_only,False,daily_id_absent_from_event_catalog
178770,2009-02-07,left_only,False,daily_id_absent_from_event_catalog
181072,2009-03-06,left_only,False,daily_id_absent_from_event_catalog
181072,2009-03-12,left_only,False,daily_id_absent_from_event_catalog
181072,2009-03-15,left_only,False,daily_id_absent_from_event_catalog
181424,2009-03-10,left_only,False,daily_id_absent_from_event_catalog
181797,2009-03-19,left_only,False,daily_id_absent_from_event_catalog
182512,2009-04-04,left_only,False,daily_id_absent_from_event_catalog
182538,2009-03-29,left_only,False,daily_id_absent_from_event_catalog
182907,2009-04-05,left_only,False,daily_id_absent_from_event_catalog
183054,2009-04-05,left_only,False,daily_id_absent_from_event_catalog
187397,2009-05-09,left_only,False,daily_id_absent_from_event_catalog
189322,2009-06-06,left_only,False,daily_id_absent_from_event_catalog
189428,2009-06-08,left_only,False,daily_id_absent_from_event_catalog
189428,2009-06-09,left_only,False,daily_id_absent_from_event_catalog
189428,2009-06-10,left_only,False,daily_id_absent_from_event_catalog
189428,2009-06-13,left_only,False,daily_id_absent_from_event_catalog
189428,2009-06-15,left_only,False,daily_id_absent_from_event_catalog
189428,2009-06-16,left_only,False,daily_id_absent_from_event_catalog
189437,2009-06-12,left_only,False,daily_id_absent_from_event_catalog
189479,2009-06-10,left_only,False,daily_id_absent_from_event_catalog
189747,2009-06-16,left_only,False,daily_id_absent_from_event_catalog
190122,2009-06-22,left_only,False,daily_id_absent_from_event_catalog
190122,2009-06-23,left_only,False,daily_id_absent_from_event_catalog
190122,2009-06-24,left_only,False,daily_id_absent_from_event_catalog
190125,2009-06-21,left_only,False,daily_id_absent_from_event_catalog
190125,2009-06-22,left_only,False,daily_id_absent_from_event_catalog
190125,2009-06-24,left_only,False,daily_id_absent_from_event_catalog
190125,2009-06-25,left_only,False,daily_id_absent_from_event_catalog
190125,2009-06-26,left_only,False,daily_id_absent_from_event_catalog
190125,2009-06-27,left_only,False,daily_id_absent_from_event_catalog
190125,2009-06-29,left_only,False,daily_id_absent_from_event_catalog
190933,2009-07-04,left_only,False,daily_id_absent_from_event_catalog
190933,2009-07-05,left_only,False,daily_id_absent_from_event_catalog
190933,2009-07-06,left_only,False,daily_id_absent_from_event_catalog
190933,2009-07-07,left_only,False,daily_id_absent_from_event_catalog
190933,2009-07-08,left_only,False,daily_id_absent_from_event_catalog
190933,2009-07-09,left_only,False,daily_id_absent_from_event_catalog
190933,2009-07-12,left_only,False,daily_id_absent_from_event_catalog
190933,2009-07-13,left_only,False,daily_id_absent_from_event_catalog
190933,2009-07-15,left_only,False,daily_id_absent_from_event_catalog
191137,2009-07-07,left_only,False,daily_id_absent_from_event_catalog
191137,2009-07-08,left_only,False,daily_id_absent_from_event_catalog
191137,2009-07-15,left_only,False,daily_id_absent_from_event_catalog
19126,2002-06-13,left_only,False,daily_id_absent_from_event_catalog
19126,2002-06-19,left_only,False,daily_id_absent_from_event_catalog
19126,2002-06-20,left_only,False,daily_id_absent_from_event_catalog
19126,2002-06-22,left_only,False,daily_id_absent_from_event_catalog
19127,2002-06-19,left_only,False,daily_id_absent_from_event_catalog
192400,2009-07-22,left_only,False,daily_id_absent_from_event_catalog
192400,2009-07-24,left_only,False,daily_id_absent_from_event_catalog
192400,2009-07-25,left_only,False,daily_id_absent_from_event_catalog
192400,2009-07-26,left_only,False,daily_id_absent_from_event_catalog
192400,2009-07-27,left_only,False,daily_id_absent_from_event_catalog
192400,2009-07-28,left_only,False,daily_id_absent_from_event_catalog
192400,2009-08-06,left_only,False,daily_id_absent_from_event_catalog
192400,2009-08-08,left_only,False,daily_id_absent_from_event_catalog
192400,2009-08-10,left_only,False,daily_id_absent_from_event_catalog
198947,2009-10-15,left_only,False,daily_id_absent_from_event_catalog
198947,2009-10-16,left_only,False,daily_id_absent_from_event_catalog
198947,2009-10-18,left_only,False,daily_id_absent_from_event_catalog
198947,2009-10-20,left_only,False,daily_id_absent_from_event_catalog
198947,2009-10-21,left_only,False,daily_id_absent_from_event_catalog
198947,2009-10-25,left_only,False,daily_id_absent_from_event_catalog
203471,2010-03-08,left_only,False,daily_id_absent_from_event_catalog
203471,2010-03-09,left_only,False,daily_id_absent_from_event_catalog
203471,2010-03-11,left_only,False,daily_id_absent_from_event_catalog
207071,2010-05-19,left_only,False,daily_id_absent_from_event_catalog
212578,2010-08-11,left_only,False,daily_id_absent_from_event_catalog
212578,2010-08-12,left_only,False,daily_id_absent_from_event_catalog
212578,2010-08-13,left_only,False,daily_id_absent_from_event_catalog
218163,2010-09-27,left_only,False,daily_id_absent_from_event_catalog
219422,2010-10-04,left_only,False,daily_id_absent_from_event_catalog
219422,2010-10-07,left_only,False,daily_id_absent_from_event_catalog
219422,2010-10-08,left_only,False,daily_id_absent_from_event_catalog
219422,2010-10-09,left_only,False,daily_id_absent_from_event_catalog
220892,2010-10-22,left_only,False,daily_id_absent_from_event_catalog
221874,2010-11-06,left_only,False,daily_id_absent_from_event_catalog
221874,2010-11-07,left_only,False,daily_id_absent_from_event_catalog
221874,2010-11-09,left_only,False,daily_id_absent_from_event_catalog
221874,2010-11-10,left_only,False,daily_id_absent_from_event_catalog
221874,2010-11-11,left_only,False,daily_id_absent_from_event_catalog
222221,2010-11-19,left_only,False,daily_id_absent_from_event_catalog
222221,2010-11-20,left_only,False,daily_id_absent_from_event_catalog
222221,2010-11-21,left_only,False,daily_id_absent_from_event_catalog
222221,2010-11-24,left_only,False,daily_id_absent_from_event_catalog
222443,2010-12-01,left_only,False,daily_id_absent_from_event_catalog
222443,2010-12-03,left_only,False,daily_id_absent_from_event_catalog
223314,2010-12-28,left_only,False,daily_id_absent_from_event_catalog
223314,2010-12-30,left_only,False,daily_id_absent_from_event_catalog
223314,2010-12-31,left_only,False,daily_id_absent_from_event_catalog
223314,2011-01-01,left_only,False,daily_id_absent_from_event_catalog
223953,2011-01-31,left_only,False,daily_id_absent_from_event_catalog
224268,2011-02-07,left_only,False,daily_id_absent_from_event_catalog
224268,2011-02-08,left_only,False,daily_id_absent_from_event_catalog
224268,2011-02-09,left_only,False,daily_id_absent_from_event_catalog
224268,2011-02-10,left_only,False,daily_id_absent_from_event_catalog
224268,2011-02-13,left_only,False,daily_id_absent_from_event_catalog
225002,2011-02-17,left_only,False,daily_id_absent_from_event_catalog
225027,2011-02-16,left_only,False,daily_id_absent_from_event_catalog
225027,2011-02-21,left_only,False,daily_id_absent_from_event_catalog
226212,2011-03-08,left_only,False,daily_id_absent_from_event_catalog
226212,2011-03-09,left_only,False,daily_id_absent_from_event_catalog
226212,2011-03-13,left_only,False,daily_id_absent_from_event_catalog
226212,2011-03-14,left_only,False,daily_id_absent_from_event_catalog
226212,2011-03-19,left_only,False,daily_id_absent_from_event_catalog
226385,2011-03-15,left_only,False,daily_id_absent_from_event_catalog
226405,2011-03-11,left_only,False,daily_id_absent_from_event_catalog
226405,2011-03-12,left_only,False,daily_id_absent_from_event_catalog
226405,2011-03-13,left_only,False,daily_id_absent_from_event_catalog
226405,2011-03-15,left_only,False,daily_id_absent_from_event_catalog
226407,2011-03-16,left_only,False,daily_id_absent_from_event_catalog
226407,2011-03-17,left_only,False,daily_id_absent_from_event_catalog
227918,2011-04-05,left_only,False,daily_id_absent_from_event_catalog
22890,2002-08-12,left_only,False,daily_id_absent_from_event_catalog
22890,2002-08-13,left_only,False,daily_id_absent_from_event_catalog
230272,2011-04-18,left_only,False,daily_id_absent_from_event_catalog
230550,2011-04-21,left_only,False,daily_id_absent_from_event_catalog
230550,2011-04-22,left_only,False,daily_id_absent_from_event_catalog
230944,2011-04-27,left_only,False,daily_id_absent_from_event_catalog
231063,2011-05-04,left_only,False,daily_id_absent_from_event_catalog
233841,2011-05-26,left_only,False,daily_id_absent_from_event_catalog
234329,2011-05-31,left_only,False,daily_id_absent_from_event_catalog
234329,2011-06-01,left_only,False,daily_id_absent_from_event_catalog
234394,2011-06-01,left_only,False,daily_id_absent_from_event_catalog
234394,2011-06-02,left_only,False,daily_id_absent_from_event_catalog
234394,2011-06-03,left_only,False,daily_id_absent_from_event_catalog
234394,2011-06-13,left_only,False,daily_id_absent_from_event_catalog
234394,2011-06-14,left_only,False,daily_id_absent_from_event_catalog
234415,2011-06-01,left_only,False,daily_id_absent_from_event_catalog
234415,2011-06-02,left_only,False,daily_id_absent_from_event_catalog
234415,2011-06-03,left_only,False,daily_id_absent_from_event_catalog
234415,2011-06-04,left_only,False,daily_id_absent_from_event_catalog
234415,2011-06-05,left_only,False,daily_id_absent_from_event_catalog
234415,2011-06-06,left_only,False,daily_id_absent_from_event_catalog
235283,2011-06-17,left_only,False,daily_id_absent_from_event_catalog
235283,2011-06-18,left_only,False,daily_id_absent_from_event_catalog
235283,2011-06-19,left_only,False,daily_id_absent_from_event_catalog
235283,2011-06-20,left_only,False,daily_id_absent_from_event_catalog
235283,2011-06-21,left_only,False,daily_id_absent_from_event_catalog
235283,2011-06-22,left_only,False,daily_id_absent_from_event_catalog
235283,2011-06-23,left_only,False,daily_id_absent_from_event_catalog
235283,2011-06-26,left_only,False,daily_id_absent_from_event_catalog
236289,2011-07-09,left_only,False,daily_id_absent_from_event_catalog
236289,2011-07-10,left_only,False,daily_id_absent_from_event_catalog
236289,2011-07-11,left_only,False,daily_id_absent_from_event_catalog
236289,2011-07-12,left_only,False,daily_id_absent_from_event_catalog
236289,2011-07-13,left_only,False,daily_id_absent_from_event_catalog
236350,2011-07-07,left_only,False,daily_id_absent_from_event_catalog
238438,2011-08-27,left_only,False,daily_id_absent_from_event_catalog
238438,2011-08-29,left_only,False,daily_id_absent_from_event_catalog
238438,2011-08-31,left_only,False,daily_id_absent_from_event_catalog
238438,2011-09-03,left_only,False,daily_id_absent_from_event_catalog
239292,2011-09-05,left_only,False,daily_id_absent_from_event_catalog
239292,2011-09-07,left_only,False,daily_id_absent_from_event_catalog
239292,2011-09-09,left_only,False,daily_id_absent_from_event_catalog
239292,2011-09-18,left_only,False,daily_id_absent_from_event_catalog
245566,2011-11-25,left_only,False,daily_id_absent_from_event_catalog
245566,2011-11-27,left_only,False,daily_id_absent_from_event_catalog
245614,2011-11-29,left_only,False,daily_id_absent_from_event_catalog
245614,2011-11-30,left_only,False,daily_id_absent_from_event_catalog
246590,2012-01-06,left_only,False,daily_id_absent_from_event_catalog
246590,2012-01-08,left_only,False,daily_id_absent_from_event_catalog
246590,2012-01-12,left_only,False,daily_id_absent_from_event_catalog
246590,2012-01-14,left_only,False,daily_id_absent_from_event_catalog
246801,2012-01-20,left_only,False,daily_id_absent_from_event_catalog
246884,2012-01-28,left_only,False,daily_id_absent_from_event_catalog
246969,2012-01-30,left_only,False,daily_id_absent_from_event_catalog
246969,2012-01-31,left_only,False,daily_id_absent_from_event_catalog
246969,2012-02-01,left_only,False,daily_id_absent_from_event_catalog
246969,2012-02-03,left_only,False,daily_id_absent_from_event_catalog
246969,2012-02-06,left_only,False,daily_id_absent_from_event_catalog
248270,2012-03-04,left_only,False,daily_id_absent_from_event_catalog
248270,2012-03-08,left_only,False,daily_id_absent_from_event_catalog
248270,2012-03-11,left_only,False,daily_id_absent_from_event_catalog
248305,2012-03-10,left_only,False,daily_id_absent_from_event_catalog
251909,2012-05-13,left_only,False,daily_id_absent_from_event_catalog
253490,2012-06-15,left_only,False,daily_id_absent_from_event_catalog
255204,2012-07-16,left_only,False,daily_id_absent_from_event_catalog
255204,2012-07-22,left_only,False,daily_id_absent_from_event_catalog
255204,2012-07-23,left_only,False,daily_id_absent_from_event_catalog
255204,2012-07-24,left_only,False,daily_id_absent_from_event_catalog
255335,2012-07-18,left_only,False,daily_id_absent_from_event_catalog
256303,2012-08-02,left_only,False,daily_id_absent_from_event_catalog
256303,2012-08-07,left_only,False,daily_id_absent_from_event_catalog
256303,2012-08-21,left_only,False,daily_id_absent_from_event_catalog
256303,2012-08-22,left_only,False,daily_id_absent_from_event_catalog
261482,2012-10-14,left_only,False,daily_id_absent_from_event_catalog
261482,2012-10-16,left_only,False,daily_id_absent_from_event_catalog
261482,2012-10-17,left_only,False,daily_id_absent_from_event_catalog
261482,2012-10-21,left_only,False,daily_id_absent_from_event_catalog
261482,2012-10-23,left_only,False,daily_id_absent_from_event_catalog
26170,2002-09-24,left_only,False,daily_id_absent_from_event_catalog
26170,2002-09-26,left_only,False,daily_id_absent_from_event_catalog
263021,2012-11-25,left_only,False,daily_id_absent_from_event_catalog
263021,2012-11-26,left_only,False,daily_id_absent_from_event_catalog
263021,2012-11-28,left_only,False,daily_id_absent_from_event_catalog
263021,2012-11-30,left_only,False,daily_id_absent_from_event_catalog
265392,2013-02-13,left_only,False,daily_id_absent_from_event_catalog
265603,2013-02-18,left_only,False,daily_id_absent_from_event_catalog
265603,2013-02-21,left_only,False,daily_id_absent_from_event_catalog
265909,2013-02-24,left_only,False,daily_id_absent_from_event_catalog
265909,2013-02-28,left_only,False,daily_id_absent_from_event_catalog
269452,2013-04-04,left_only,False,daily_id_absent_from_event_catalog
269452,2013-04-05,left_only,False,daily_id_absent_from_event_catalog
269452,2013-04-06,left_only,False,daily_id_absent_from_event_catalog
270530,2013-04-29,left_only,False,daily_id_absent_from_event_catalog
270530,2013-05-01,left_only,False,daily_id_absent_from_event_catalog
270530,2013-05-07,left_only,False,daily_id_absent_from_event_catalog
276557,2013-07-31,left_only,False,daily_id_absent_from_event_catalog
276557,2013-08-02,left_only,False,daily_id_absent_from_event_catalog
285363,2014-02-27,left_only,False,daily_id_absent_from_event_catalog
28897,2002-12-23,left_only,False,daily_id_absent_from_event_catalog
28897,2002-12-24,left_only,False,daily_id_absent_from_event_catalog
290987,2014-05-26,left_only,False,daily_id_absent_from_event_catalog
29393,2003-01-14,left_only,False,daily_id_absent_from_event_catalog
295870,2014-08-04,left_only,False,daily_id_absent_from_event_catalog
295870,2014-08-05,left_only,False,daily_id_absent_from_event_catalog
295870,2014-08-06,left_only,False,daily_id_absent_from_event_catalog
295870,2014-08-08,left_only,False,daily_id_absent_from_event_catalog
295870,2014-08-10,left_only,False,daily_id_absent_from_event_catalog
295870,2014-08-11,left_only,False,daily_id_absent_from_event_catalog
295870,2014-08-12,left_only,False,daily_id_absent_from_event_catalog
295870,2014-08-14,left_only,False,daily_id_absent_from_event_catalog
29646,2003-01-18,left_only,False,daily_id_absent_from_event_catalog
29646,2003-01-22,left_only,False,daily_id_absent_from_event_catalog
29646,2003-01-27,left_only,False,daily_id_absent_from_event_catalog
296615,2014-08-16,left_only,False,daily_id_absent_from_event_catalog
297496,2014-08-18,left_only,False,daily_id_absent_from_event_catalog
301219,2014-10-19,left_only,False,daily_id_absent_from_event_catalog
301219,2014-10-20,left_only,False,daily_id_absent_from_event_catalog
302839,2014-12-07,left_only,False,daily_id_absent_from_event_catalog
302839,2014-12-09,left_only,False,daily_id_absent_from_event_catalog
302839,2014-12-11,left_only,False,daily_id_absent_from_event_catalog
302839,2014-12-14,left_only,False,daily_id_absent_from_event_catalog
303536,2014-12-16,left_only,False,daily_id_absent_from_event_catalog
303536,2014-12-20,left_only,False,daily_id_absent_from_event_catalog
30407,2003-02-12,left_only,False,daily_id_absent_from_event_catalog
304360,2015-02-08,left_only,False,daily_id_absent_from_event_catalog
304853,2015-02-09,left_only,False,daily_id_absent_from_event_catalog
304853,2015-02-10,left_only,False,daily_id_absent_from_event_catalog
304853,2015-02-11,left_only,False,daily_id_absent_from_event_catalog
304853,2015-02-13,left_only,False,daily_id_absent_from_event_catalog
305054,2015-02-12,left_only,False,daily_id_absent_from_event_catalog
305054,2015-02-15,left_only,False,daily_id_absent_from_event_catalog
305054,2015-02-20,left_only,False,daily_id_absent_from_event_catalog
310525,2015-05-16,left_only,False,daily_id_absent_from_event_catalog
312661,2015-07-01,left_only,False,daily_id_absent_from_event_catalog
315969,2015-07-02,left_only,False,daily_id_absent_from_event_catalog
322185,2015-07-24,left_only,False,daily_id_absent_from_event_catalog
322185,2015-07-25,left_only,False,daily_id_absent_from_event_catalog
322185,2015-07-26,left_only,False,daily_id_absent_from_event_catalog
322185,2015-07-27,left_only,False,daily_id_absent_from_event_catalog
322185,2015-07-28,left_only,False,daily_id_absent_from_event_catalog
322185,2015-07-29,left_only,False,daily_id_absent_from_event_catalog
322185,2015-07-30,left_only,False,daily_id_absent_from_event_catalog
322185,2015-08-01,left_only,False,daily_id_absent_from_event_catalog
322185,2015-08-04,left_only,False,daily_id_absent_from_event_catalog
322185,2015-08-05,left_only,False,daily_id_absent_from_event_catalog
322185,2015-08-10,left_only,False,daily_id_absent_from_event_catalog
3225,2001-04-05,left_only,False,daily_id_absent_from_event_catalog
324712,2015-08-12,left_only,False,daily_id_absent_from_event_catalog
324712,2015-08-14,left_only,False,daily_id_absent_from_event_catalog
324712,2015-08-15,left_only,False,daily_id_absent_from_event_catalog
324712,2015-08-16,left_only,False,daily_id_absent_from_event_catalog
324712,2015-08-17,left_only,False,daily_id_absent_from_event_catalog
324712,2015-08-18,left_only,False,daily_id_absent_from_event_catalog
324712,2015-08-20,left_only,False,daily_id_absent_from_event_catalog
326215,2015-09-01,left_only,False,daily_id_absent_from_event_catalog
326215,2015-09-02,left_only,False,daily_id_absent_from_event_catalog
335218,2016-01-30,left_only,False,daily_id_absent_from_event_catalog
335218,2016-02-01,left_only,False,daily_id_absent_from_event_catalog
335218,2016-02-02,left_only,False,daily_id_absent_from_event_catalog
335218,2016-02-04,left_only,False,daily_id_absent_from_event_catalog
335218,2016-02-05,left_only,False,daily_id_absent_from_event_catalog
335218,2016-02-06,left_only,False,daily_id_absent_from_event_catalog
335218,2016-02-07,left_only,False,daily_id_absent_from_event_catalog
335218,2016-02-08,left_only,False,daily_id_absent_from_event_catalog
335218,2016-02-09,left_only,False,daily_id_absent_from_event_catalog
336154,2016-02-16,left_only,False,daily_id_absent_from_event_catalog
336154,2016-02-17,left_only,False,daily_id_absent_from_event_catalog
336154,2016-02-18,left_only,False,daily_id_absent_from_event_catalog
336154,2016-02-19,left_only,False,daily_id_absent_from_event_catalog
336249,2016-02-16,left_only,False,daily_id_absent_from_event_catalog
336249,2016-02-22,left_only,False,daily_id_absent_from_event_catalog
337034,2016-03-01,left_only,False,daily_id_absent_from_event_catalog
338496,2016-03-22,left_only,False,daily_id_absent_from_event_catalog
33981,2003-04-11,left_only,False,daily_id_absent_from_event_catalog
33981,2003-04-12,left_only,False,daily_id_absent_from_event_catalog
340877,2016-04-25,left_only,False,daily_id_absent_from_event_catalog
340877,2016-04-26,left_only,False,daily_id_absent_from_event_catalog
340877,2016-04-27,left_only,False,daily_id_absent_from_event_catalog
340877,2016-04-29,left_only,False,daily_id_absent_from_event_catalog
342009,2016-05-06,left_only,False,daily_id_absent_from_event_catalog
342009,2016-05-07,left_only,False,daily_id_absent_from_event_catalog
342009,2016-05-08,left_only,False,daily_id_absent_from_event_catalog
342009,2016-05-10,left_only,False,daily_id_absent_from_event_catalog
342209,2016-05-23,left_only,False,daily_id_absent_from_event_catalog
34310,2003-04-17,left_only,False,daily_id_absent_from_event_catalog
343306,2016-06-02,left_only,False,daily_id_absent_from_event_catalog
343306,2016-06-03,left_only,False,daily_id_absent_from_event_catalog
343306,2016-06-05,left_only,False,daily_id_absent_from_event_catalog
343306,2016-06-06,left_only,False,daily_id_absent_from_event_catalog
343306,2016-06-08,left_only,False,daily_id_absent_from_event_catalog
343306,2016-06-09,left_only,False,daily_id_absent_from_event_catalog
343306,2016-06-10,left_only,False,daily_id_absent_from_event_catalog
343306,2016-06-13,left_only,False,daily_id_absent_from_event_catalog
345950,2016-08-05,left_only,False,daily_id_absent_from_event_catalog
345950,2016-08-07,left_only,False,daily_id_absent_from_event_catalog
345950,2016-08-08,left_only,False,daily_id_absent_from_event_catalog
345950,2016-08-09,left_only,False,daily_id_absent_from_event_catalog
345950,2016-08-10,left_only,False,daily_id_absent_from_event_catalog
345950,2016-08-11,left_only,False,daily_id_absent_from_event_catalog
345950,2016-08-12,left_only,False,daily_id_absent_from_event_catalog
345950,2016-08-13,left_only,False,daily_id_absent_from_event_catalog
345950,2016-08-14,left_only,False,daily_id_absent_from_event_catalog
345950,2016-08-15,left_only,False,daily_id_absent_from_event_catalog
345950,2016-08-16,left_only,False,daily_id_absent_from_event_catalog
345950,2016-08-17,left_only,False,daily_id_absent_from_event_catalog
345950,2016-08-18,left_only,False,daily_id_absent_from_event_catalog
345950,2016-08-19,left_only,False,daily_id_absent_from_event_catalog
345950,2016-08-20,left_only,False,daily_id_absent_from_event_catalog
345950,2016-08-21,left_only,False,daily_id_absent_from_event_catalog
345950,2016-08-22,left_only,False,daily_id_absent_from_event_catalog
345950,2016-08-23,left_only,False,daily_id_absent_from_event_catalog
345950,2016-08-24,left_only,False,daily_id_absent_from_event_catalog
345950,2016-08-25,left_only,False,daily_id_absent_from_event_catalog
345950,2016-08-26,left_only,False,daily_id_absent_from_event_catalog
345950,2016-08-27,left_only,False,daily_id_absent_from_event_catalog
345950,2016-08-28,left_only,False,daily_id_absent_from_event_catalog
345950,2016-08-29,left_only,False,daily_id_absent_from_event_catalog
345950,2016-08-30,left_only,False,daily_id_absent_from_event_catalog
345950,2016-08-31,left_only,False,daily_id_absent_from_event_catalog
345950,2016-09-01,left_only,False,daily_id_absent_from_event_catalog
345950,2016-09-02,left_only,False,daily_id_absent_from_event_catalog
345950,2016-09-03,left_only,False,daily_id_absent_from_event_catalog
345950,2016-09-04,left_only,False,daily_id_absent_from_event_catalog
345950,2016-09-05,left_only,False,daily_id_absent_from_event_catalog
345950,2016-09-06,left_only,False,daily_id_absent_from_event_catalog
345950,2016-09-07,left_only,False,daily_id_absent_from_event_catalog
345950,2016-09-08,left_only,False,daily_id_absent_from_event_catalog
345950,2016-09-09,left_only,False,daily_id_absent_from_event_catalog
345950,2016-09-10,left_only,False,daily_id_absent_from_event_catalog
345950,2016-09-11,left_only,False,daily_id_absent_from_event_catalog
345950,2016-09-12,left_only,False,daily_id_absent_from_event_catalog
345950,2016-09-13,left_only,False,daily_id_absent_from_event_catalog
345950,2016-09-14,left_only,False,daily_id_absent_from_event_catalog
345950,2016-09-16,left_only,False,daily_id_absent_from_event_catalog
345950,2016-09-18,left_only,False,daily_id_absent_from_event_catalog
347121,2016-08-11,left_only,False,daily_id_absent_from_event_catalog
347121,2016-08-12,left_only,False,daily_id_absent_from_event_catalog
347121,2016-08-14,left_only,False,daily_id_absent_from_event_catalog
347121,2016-08-17,left_only,False,daily_id_absent_from_event_catalog
347121,2016-08-20,left_only,False,daily_id_absent_from_event_catalog
347121,2016-08-22,left_only,False,daily_id_absent_from_event_catalog
347198,2016-08-12,left_only,False,daily_id_absent_from_event_catalog
347198,2016-08-20,left_only,False,daily_id_absent_from_event_catalog
347198,2016-08-24,left_only,False,daily_id_absent_from_event_catalog
347677,2016-08-22,left_only,False,daily_id_absent_from_event_catalog
350237,2016-09-22,left_only,False,daily_id_absent_from_event_catalog
351781,2016-10-21,left_only,False,daily_id_absent_from_event_catalog
351781,2016-10-22,left_only,False,daily_id_absent_from_event_catalog
354342,2017-01-04,left_only,False,daily_id_absent_from_event_catalog
355122,2017-01-23,left_only,False,daily_id_absent_from_event_catalog
355122,2017-01-26,left_only,False,daily_id_absent_from_event_catalog
355367,2017-01-20,left_only,False,daily_id_absent_from_event_catalog
355367,2017-01-25,left_only,False,daily_id_absent_from_event_catalog
355674,2017-01-31,left_only,False,daily_id_absent_from_event_catalog
356893,2017-02-28,left_only,False,daily_id_absent_from_event_catalog
357098,2017-03-01,left_only,False,daily_id_absent_from_event_catalog
357098,2017-03-05,left_only,False,daily_id_absent_from_event_catalog
357098,2017-03-06,left_only,False,daily_id_absent_from_event_catalog
357098,2017-03-12,left_only,False,daily_id_absent_from_event_catalog
358025,2017-03-23,left_only,False,daily_id_absent_from_event_catalog
358025,2017-03-24,left_only,False,daily_id_absent_from_event_catalog
358025,2017-03-25,left_only,False,daily_id_absent_from_event_catalog
358178,2017-03-17,left_only,False,daily_id_absent_from_event_catalog
358178,2017-03-18,left_only,False,daily_id_absent_from_event_catalog
358178,2017-03-23,left_only,False,daily_id_absent_from_event_catalog
358783,2017-03-21,left_only,False,daily_id_absent_from_event_catalog
358783,2017-03-22,left_only,False,daily_id_absent_from_event_catalog
358783,2017-03-24,left_only,False,daily_id_absent_from_event_catalog
358783,2017-03-26,left_only,False,daily_id_absent_from_event_catalog
360326,2017-04-09,left_only,False,daily_id_absent_from_event_catalog
360326,2017-04-11,left_only,False,daily_id_absent_from_event_catalog
360326,2017-04-19,left_only,False,daily_id_absent_from_event_catalog
360326,2017-04-23,left_only,False,daily_id_absent_from_event_catalog
360326,2017-04-24,left_only,False,daily_id_absent_from_event_catalog
361230,2017-05-06,left_only,False,daily_id_absent_from_event_catalog
361230,2017-05-09,left_only,False,daily_id_absent_from_event_catalog
361649,2017-05-03,left_only,False,daily_id_absent_from_event_catalog
36199,2003-05-03,left_only,False,daily_id_absent_from_event_catalog
364937,2017-06-23,left_only,False,daily_id_absent_from_event_catalog
365306,2017-07-04,left_only,False,daily_id_absent_from_event_catalog
365306,2017-07-11,left_only,False,daily_id_absent_from_event_catalog
366497,2017-07-21,left_only,False,daily_id_absent_from_event_catalog
366497,2017-07-25,left_only,False,daily_id_absent_from_event_catalog
366497,2017-07-26,left_only,False,daily_id_absent_from_event_catalog
366497,2017-07-27,left_only,False,daily_id_absent_from_event_catalog
366497,2017-07-28,left_only,False,daily_id_absent_from_event_catalog
366497,2017-07-29,left_only,False,daily_id_absent_from_event_catalog
366497,2017-07-30,left_only,False,daily_id_absent_from_event_catalog
366497,2017-07-31,left_only,False,daily_id_absent_from_event_catalog
366497,2017-08-01,left_only,False,daily_id_absent_from_event_catalog
366497,2017-08-02,left_only,False,daily_id_absent_from_event_catalog
366497,2017-08-03,left_only,False,daily_id_absent_from_event_catalog
366497,2017-08-04,left_only,False,daily_id_absent_from_event_catalog
366497,2017-08-05,left_only,False,daily_id_absent_from_event_catalog
366497,2017-08-06,left_only,False,daily_id_absent_from_event_catalog
366497,2017-08-07,left_only,False,daily_id_absent_from_event_catalog
366497,2017-08-08,left_only,False,daily_id_absent_from_event_catalog
366497,2017-08-09,left_only,False,daily_id_absent_from_event_catalog
366497,2017-08-10,left_only,False,daily_id_absent_from_event_catalog
366497,2017-08-11,left_only,False,daily_id_absent_from_event_catalog
366497,2017-08-12,left_only,False,daily_id_absent_from_event_catalog
366497,2017-08-13,left_only,False,daily_id_absent_from_event_catalog
366497,2017-08-14,left_only,False,daily_id_absent_from_event_catalog
366497,2017-08-15,left_only,False,daily_id_absent_from_event_catalog
366497,2017-08-16,left_only,False,daily_id_absent_from_event_catalog
366497,2017-08-17,left_only,False,daily_id_absent_from_event_catalog
366497,2017-08-18,left_only,False,daily_id_absent_from_event_catalog
366497,2017-08-19,left_only,False,daily_id_absent_from_event_catalog
366497,2017-08-20,left_only,False,daily_id_absent_from_event_catalog
366497,2017-08-21,left_only,False,daily_id_absent_from_event_catalog
366497,2017-08-24,left_only,False,daily_id_absent_from_event_catalog
366497,2017-08-25,left_only,False,daily_id_absent_from_event_catalog
366497,2017-08-26,left_only,False,daily_id_absent_from_event_catalog
366497,2017-08-27,left_only,False,daily_id_absent_from_event_catalog
366497,2017-08-28,left_only,False,daily_id_absent_from_event_catalog
366497,2017-09-11,left_only,False,daily_id_absent_from_event_catalog
369352,2017-08-24,left_only,False,daily_id_absent_from_event_catalog
369352,2017-08-25,left_only,False,daily_id_absent_from_event_catalog
369352,2017-08-26,left_only,False,daily_id_absent_from_event_catalog
369352,2017-08-27,left_only,False,daily_id_absent_from_event_catalog
369352,2017-08-28,left_only,False,daily_id_absent_from_event_catalog
369352,2017-08-29,left_only,False,daily_id_absent_from_event_catalog
369352,2017-09-07,left_only,False,daily_id_absent_from_event_catalog
369352,2017-09-10,left_only,False,daily_id_absent_from_event_catalog
369352,2017-09-13,left_only,False,daily_id_absent_from_event_catalog
370096,2017-09-11,left_only,False,daily_id_absent_from_event_catalog
370096,2017-09-13,left_only,False,daily_id_absent_from_event_catalog
370096,2017-09-15,left_only,False,daily_id_absent_from_event_catalog
370096,2017-09-16,left_only,False,daily_id_absent_from_event_catalog
370096,2017-09-17,left_only,False,daily_id_absent_from_event_catalog
370096,2017-09-18,left_only,False,daily_id_absent_from_event_catalog
372292,2017-09-22,left_only,False,daily_id_absent_from_event_catalog
372292,2017-09-28,left_only,False,daily_id_absent_from_event_catalog
372292,2017-10-04,left_only,False,daily_id_absent_from_event_catalog
374259,2017-10-17,left_only,False,daily_id_absent_from_event_catalog
374259,2017-10-22,left_only,False,daily_id_absent_from_event_catalog
374259,2017-10-23,left_only,False,daily_id_absent_from_event_catalog
374259,2017-10-25,left_only,False,daily_id_absent_from_event_catalog
374742,2017-11-04,left_only,False,daily_id_absent_from_event_catalog
374742,2017-11-05,left_only,False,daily_id_absent_from_event_catalog
374742,2017-11-07,left_only,False,daily_id_absent_from_event_catalog
375926,2017-11-25,left_only,False,daily_id_absent_from_event_catalog
375926,2017-11-27,left_only,False,daily_id_absent_from_event_catalog
376865,2017-12-25,left_only,False,daily_id_absent_from_event_catalog
376868,2017-12-25,left_only,False,daily_id_absent_from_event_catalog
377545,2018-01-21,left_only,False,daily_id_absent_from_event_catalog
377948,2018-02-02,left_only,False,daily_id_absent_from_event_catalog
377948,2018-02-14,left_only,False,daily_id_absent_from_event_catalog
377948,2018-02-16,left_only,False,daily_id_absent_from_event_catalog
378899,2018-02-24,left_only,False,daily_id_absent_from_event_catalog
378899,2018-03-05,left_only,False,daily_id_absent_from_event_catalog
378972,2018-02-27,left_only,False,daily_id_absent_from_event_catalog
379168,2018-03-05,left_only,False,daily_id_absent_from_event_catalog
379824,2018-03-06,left_only,False,daily_id_absent_from_event_catalog
379824,2018-03-10,left_only,False,daily_id_absent_from_event_catalog
380161,2018-03-09,left_only,False,daily_id_absent_from_event_catalog
380161,2018-03-10,left_only,False,daily_id_absent_from_event_catalog
380161,2018-03-13,left_only,False,daily_id_absent_from_event_catalog
380161,2018-03-17,left_only,False,daily_id_absent_from_event_catalog
381146,2018-03-30,left_only,False,daily_id_absent_from_event_catalog
381146,2018-03-31,left_only,False,daily_id_absent_from_event_catalog
381146,2018-04-01,left_only,False,daily_id_absent_from_event_catalog
381219,2018-03-24,left_only,False,daily_id_absent_from_event_catalog
381219,2018-03-29,left_only,False,daily_id_absent_from_event_catalog
381219,2018-03-30,left_only,False,daily_id_absent_from_event_catalog
381219,2018-03-31,left_only,False,daily_id_absent_from_event_catalog
381219,2018-04-02,left_only,False,daily_id_absent_from_event_catalog
381219,2018-04-04,left_only,False,daily_id_absent_from_event_catalog
382806,2018-04-19,left_only,False,daily_id_absent_from_event_catalog
386220,2018-06-22,left_only,False,daily_id_absent_from_event_catalog
387640,2018-07-24,left_only,False,daily_id_absent_from_event_catalog
387640,2018-07-30,left_only,False,daily_id_absent_from_event_catalog
38828,2003-06-02,left_only,False,daily_id_absent_from_event_catalog
38828,2003-06-04,left_only,False,daily_id_absent_from_event_catalog
38828,2003-06-06,left_only,False,daily_id_absent_from_event_catalog
38828,2003-06-08,left_only,False,daily_id_absent_from_event_catalog
38833,2003-06-02,left_only,False,daily_id_absent_from_event_catalog
388793,2018-08-12,left_only,False,daily_id_absent_from_event_catalog
389214,2018-08-23,left_only,False,daily_id_absent_from_event_catalog
391181,2018-09-02,left_only,False,daily_id_absent_from_event_catalog
391181,2018-09-03,left_only,False,daily_id_absent_from_event_catalog
391181,2018-09-12,left_only,False,daily_id_absent_from_event_catalog
394572,2018-11-04,left_only,False,daily_id_absent_from_event_catalog
395140,2018-11-30,left_only,False,daily_id_absent_from_event_catalog
395140,2018-12-05,left_only,False,daily_id_absent_from_event_catalog
395140,2018-12-06,left_only,False,daily_id_absent_from_event_catalog
397185,2019-03-04,left_only,False,daily_id_absent_from_event_catalog
397185,2019-03-09,left_only,False,daily_id_absent_from_event_catalog
399444,2019-03-26,left_only,False,daily_id_absent_from_event_catalog
409603,2019-08-06,left_only,False,daily_id_absent_from_event_catalog
409603,2019-08-07,left_only,False,daily_id_absent_from_event_catalog
409603,2019-08-09,left_only,False,daily_id_absent_from_event_catalog
409603,2019-08-10,left_only,False,daily_id_absent_from_event_catalog
409603,2019-08-13,left_only,False,daily_id_absent_from_event_catalog
409603,2019-08-15,left_only,False,daily_id_absent_from_event_catalog
409876,2019-08-11,left_only,False,daily_id_absent_from_event_catalog
409876,2019-08-13,left_only,False,daily_id_absent_from_event_catalog
409876,2019-08-18,left_only,False,daily_id_absent_from_event_catalog
410618,2019-08-22,left_only,False,daily_id_absent_from_event_catalog
410618,2019-08-23,left_only,False,daily_id_absent_from_event_catalog
410618,2019-08-24,left_only,False,daily_id_absent_from_event_catalog
410618,2019-08-25,left_only,False,daily_id_absent_from_event_catalog
410708,2019-08-18,left_only,False,daily_id_absent_from_event_catalog
410872,2019-08-26,left_only,False,daily_id_absent_from_event_catalog
410923,2019-09-03,left_only,False,daily_id_absent_from_event_catalog
412397,2019-09-09,left_only,False,daily_id_absent_from_event_catalog
418766,2020-01-27,left_only,False,daily_id_absent_from_event_catalog
418766,2020-01-28,left_only,False,daily_id_absent_from_event_catalog
418766,2020-01-30,left_only,False,daily_id_absent_from_event_catalog
419909,2020-02-27,left_only,False,daily_id_absent_from_event_catalog
419909,2020-02-28,left_only,False,daily_id_absent_from_event_catalog
419909,2020-02-29,left_only,False,daily_id_absent_from_event_catalog
419963,2020-02-24,left_only,False,daily_id_absent_from_event_catalog
419963,2020-02-27,left_only,False,daily_id_absent_from_event_catalog
419963,2020-02-28,left_only,False,daily_id_absent_from_event_catalog
419998,2020-02-24,left_only,False,daily_id_absent_from_event_catalog
419998,2020-02-29,left_only,False,daily_id_absent_from_event_catalog
419998,2020-03-01,left_only,False,daily_id_absent_from_event_catalog
419998,2020-03-02,left_only,False,daily_id_absent_from_event_catalog
419998,2020-03-08,left_only,False,daily_id_absent_from_event_catalog
420246,2020-02-29,left_only,False,daily_id_absent_from_event_catalog
420246,2020-03-01,left_only,False,daily_id_absent_from_event_catalog
420246,2020-03-02,left_only,False,daily_id_absent_from_event_catalog
420246,2020-03-05,left_only,False,daily_id_absent_from_event_catalog
420246,2020-03-08,left_only,False,daily_id_absent_from_event_catalog
420246,2020-03-10,left_only,False,daily_id_absent_from_event_catalog
420880,2020-03-08,left_only,False,daily_id_absent_from_event_catalog
420915,2020-03-09,left_only,False,daily_id_absent_from_event_catalog
420915,2020-03-12,left_only,False,daily_id_absent_from_event_catalog
420915,2020-03-13,left_only,False,daily_id_absent_from_event_catalog
420915,2020-03-15,left_only,False,daily_id_absent_from_event_catalog
421130,2020-03-13,left_only,False,daily_id_absent_from_event_catalog
421396,2020-03-13,left_only,False,daily_id_absent_from_event_catalog
426293,2020-05-04,left_only,False,daily_id_absent_from_event_catalog
426298,2020-05-04,left_only,False,daily_id_absent_from_event_catalog
426298,2020-05-08,left_only,False,daily_id_absent_from_event_catalog
426298,2020-05-10,left_only,False,daily_id_absent_from_event_catalog
426316,2020-05-02,left_only,False,daily_id_absent_from_event_catalog
426561,2020-05-04,left_only,False,daily_id_absent_from_event_catalog
428013,2020-06-03,left_only,False,daily_id_absent_from_event_catalog
428569,2020-06-25,left_only,False,daily_id_absent_from_event_catalog
428569,2020-06-26,left_only,False,daily_id_absent_from_event_catalog
428569,2020-06-27,left_only,False,daily_id_absent_from_event_catalog
429001,2020-07-12,left_only,False,daily_id_absent_from_event_catalog
429030,2020-07-09,left_only,False,daily_id_absent_from_event_catalog
429030,2020-07-12,left_only,False,daily_id_absent_from_event_catalog
429030,2020-07-13,left_only,False,daily_id_absent_from_event_catalog
429030,2020-07-14,left_only,False,daily_id_absent_from_event_catalog
429030,2020-07-15,left_only,False,daily_id_absent_from_event_catalog
429082,2020-07-11,left_only,False,daily_id_absent_from_event_catalog
429082,2020-07-16,left_only,False,daily_id_absent_from_event_catalog
429082,2020-07-17,left_only,False,daily_id_absent_from_event_catalog
429082,2020-07-18,left_only,False,daily_id_absent_from_event_catalog
429625,2020-08-05,left_only,False,daily_id_absent_from_event_catalog
429720,2020-08-08,left_only,False,daily_id_absent_from_event_catalog
429720,2020-08-13,left_only,False,daily_id_absent_from_event_catalog
429720,2020-08-15,left_only,False,daily_id_absent_from_event_catalog
429720,2020-08-17,left_only,False,daily_id_absent_from_event_catalog
429720,2020-08-19,left_only,False,daily_id_absent_from_event_catalog
429935,2020-08-19,left_only,False,daily_id_absent_from_event_catalog
429935,2020-08-20,left_only,False,daily_id_absent_from_event_catalog
429935,2020-08-21,left_only,False,daily_id_absent_from_event_catalog
429935,2020-08-24,left_only,False,daily_id_absent_from_event_catalog
429935,2020-08-28,left_only,False,daily_id_absent_from_event_catalog
429935,2020-08-29,left_only,False,daily_id_absent_from_event_catalog
429935,2020-08-30,left_only,False,daily_id_absent_from_event_catalog
429935,2020-08-31,left_only,False,daily_id_absent_from_event_catalog
429935,2020-09-02,left_only,False,daily_id_absent_from_event_catalog
429935,2020-09-03,left_only,False,daily_id_absent_from_event_catalog
429935,2020-09-04,left_only,False,daily_id_absent_from_event_catalog
429935,2020-09-05,left_only,False,daily_id_absent_from_event_catalog
429935,2020-09-06,left_only,False,daily_id_absent_from_event_catalog
429935,2020-09-07,left_only,False,daily_id_absent_from_event_catalog
429935,2020-09-08,left_only,False,daily_id_absent_from_event_catalog
429935,2020-09-09,left_only,False,daily_id_absent_from_event_catalog
429935,2020-09-10,left_only,False,daily_id_absent_from_event_catalog
429935,2020-09-11,left_only,False,daily_id_absent_from_event_catalog
429935,2020-09-12,left_only,False,daily_id_absent_from_event_catalog
429935,2020-09-13,left_only,False,daily_id_absent_from_event_catalog
429935,2020-09-14,left_only,False,daily_id_absent_from_event_catalog
429935,2020-09-15,left_only,False,daily_id_absent_from_event_catalog
429935,2020-09-16,left_only,False,daily_id_absent_from_event_catalog
429935,2020-09-17,left_only,False,daily_id_absent_from_event_catalog
429935,2020-09-18,left_only,False,daily_id_absent_from_event_catalog
429935,2020-09-19,left_only,False,daily_id_absent_from_event_catalog
429935,2020-09-20,left_only,False,daily_id_absent_from_event_catalog
429935,2020-09-21,left_only,False,daily_id_absent_from_event_catalog
429935,2020-09-22,left_only,False,daily_id_absent_from_event_catalog
429935,2020-09-23,left_only,False,daily_id_absent_from_event_catalog
429984,2020-08-19,left_only,False,daily_id_absent_from_event_catalog
430193,2020-08-26,left_only,False,daily_id_absent_from_event_catalog
430193,2020-08-28,left_only,False,daily_id_absent_from_event_catalog
430193,2020-08-30,left_only,False,daily_id_absent_from_event_catalog
430193,2020-09-01,left_only,False,daily_id_absent_from_event_catalog
431017,2020-09-13,left_only,False,daily_id_absent_from_event_catalog
431017,2020-09-18,left_only,False,daily_id_absent_from_event_catalog
431017,2020-09-20,left_only,False,daily_id_absent_from_event_catalog
436654,2020-12-12,left_only,False,daily_id_absent_from_event_catalog
436654,2020-12-16,left_only,False,daily_id_absent_from_event_catalog
437643,2021-01-22,left_only,False,daily_id_absent_from_event_catalog
437672,2021-01-23,left_only,False,daily_id_absent_from_event_catalog
438680,2021-02-24,left_only,False,daily_id_absent_from_event_catalog
439689,2021-03-07,left_only,False,daily_id_absent_from_event_catalog
439959,2021-03-07,left_only,False,daily_id_absent_from_event_catalog
440144,2021-03-11,left_only,False,daily_id_absent_from_event_catalog
440144,2021-03-12,left_only,False,daily_id_absent_from_event_catalog
440144,2021-03-14,left_only,False,daily_id_absent_from_event_catalog
440144,2021-03-18,left_only,False,daily_id_absent_from_event_catalog
440144,2021-03-19,left_only,False,daily_id_absent_from_event_catalog
440144,2021-03-24,left_only,False,daily_id_absent_from_event_catalog
440333,2021-03-11,left_only,False,daily_id_absent_from_event_catalog
440333,2021-03-13,left_only,False,daily_id_absent_from_event_catalog
440333,2021-03-16,left_only,False,daily_id_absent_from_event_catalog
441534,2021-03-29,left_only,False,daily_id_absent_from_event_catalog
441534,2021-03-31,left_only,False,daily_id_absent_from_event_catalog
441534,2021-04-02,left_only,False,daily_id_absent_from_event_catalog
442400,2021-04-03,left_only,False,daily_id_absent_from_event_catalog
442400,2021-04-09,left_only,False,daily_id_absent_from_event_catalog
442400,2021-04-10,left_only,False,daily_id_absent_from_event_catalog
442400,2021-04-12,left_only,False,daily_id_absent_from_event_catalog
442849,2021-04-10,left_only,False,daily_id_absent_from_event_catalog
442849,2021-04-11,left_only,False,daily_id_absent_from_event_catalog
442849,2021-04-12,left_only,False,daily_id_absent_from_event_catalog
442853,2021-04-07,left_only,False,daily_id_absent_from_event_catalog
442853,2021-04-09,left_only,False,daily_id_absent_from_event_catalog
442853,2021-04-10,left_only,False,daily_id_absent_from_event_catalog
442853,2021-04-12,left_only,False,daily_id_absent_from_event_catalog
442853,2021-04-14,left_only,False,daily_id_absent_from_event_catalog
45388,2003-08-28,left_only,False,daily_id_absent_from_event_catalog
45388,2003-08-29,left_only,False,daily_id_absent_from_event_catalog
45388,2003-08-31,left_only,False,daily_id_absent_from_event_catalog
45388,2003-09-04,left_only,False,daily_id_absent_from_event_catalog
47969,2003-10-04,left_only,False,daily_id_absent_from_event_catalog
47969,2003-10-06,left_only,False,daily_id_absent_from_event_catalog
51281,2003-10-25,left_only,False,daily_id_absent_from_event_catalog
51281,2003-10-29,left_only,False,daily_id_absent_from_event_catalog
51281,2003-11-01,left_only,False,daily_id_absent_from_event_catalog
51281,2003-11-03,left_only,False,daily_id_absent_from_event_catalog
52107,2003-11-12,left_only,False,daily_id_absent_from_event_catalog
52107,2003-11-14,left_only,False,daily_id_absent_from_event_catalog
52107,2003-11-15,left_only,False,daily_id_absent_from_event_catalog
52107,2003-11-18,left_only,False,daily_id_absent_from_event_catalog
52928,2003-12-04,left_only,False,daily_id_absent_from_event_catalog
52928,2003-12-06,left_only,False,daily_id_absent_from_event_catalog
53244,2003-12-16,left_only,False,daily_id_absent_from_event_catalog
54093,2004-01-21,left_only,False,daily_id_absent_from_event_catalog
54093,2004-01-22,left_only,False,daily_id_absent_from_event_catalog
54093,2004-01-25,left_only,False,daily_id_absent_from_event_catalog
55615,2004-02-24,left_only,False,daily_id_absent_from_event_catalog
55615,2004-02-27,left_only,False,daily_id_absent_from_event_catalog
56077,2004-03-01,left_only,False,daily_id_absent_from_event_catalog
56077,2004-03-02,left_only,False,daily_id_absent_from_event_catalog
56077,2004-03-03,left_only,False,daily_id_absent_from_event_catalog
56077,2004-03-04,left_only,False,daily_id_absent_from_event_catalog
56077,2004-03-06,left_only,False,daily_id_absent_from_event_catalog
56077,2004-03-08,left_only,False,daily_id_absent_from_event_catalog
56077,2004-03-12,left_only,False,daily_id_absent_from_event_catalog
62901,2004-06-09,left_only,False,daily_id_absent_from_event_catalog
62901,2004-06-10,left_only,False,daily_id_absent_from_event_catalog
62901,2004-06-12,left_only,False,daily_id_absent_from_event_catalog
63564,2004-06-22,left_only,False,daily_id_absent_from_event_catalog
63564,2004-06-25,left_only,False,daily_id_absent_from_event_catalog
63564,2004-07-02,left_only,False,daily_id_absent_from_event_catalog
63564,2004-07-03,left_only,False,daily_id_absent_from_event_catalog
63564,2004-07-04,left_only,False,daily_id_absent_from_event_catalog
63564,2004-07-05,left_only,False,daily_id_absent_from_event_catalog
63564,2004-07-06,left_only,False,daily_id_absent_from_event_catalog
63564,2004-07-07,left_only,False,daily_id_absent_from_event_catalog
63564,2004-07-10,left_only,False,daily_id_absent_from_event_catalog
66144,2004-07-05,left_only,False,daily_id_absent_from_event_catalog
68227,2004-07-14,left_only,False,daily_id_absent_from_event_catalog
68371,2004-07-12,left_only,False,daily_id_absent_from_event_catalog
7234,2001-08-25,left_only,False,daily_id_absent_from_event_catalog
73560,2004-07-31,left_only,False,daily_id_absent_from_event_catalog
73560,2004-08-01,left_only,False,daily_id_absent_from_event_catalog
73560,2004-08-03,left_only,False,daily_id_absent_from_event_catalog
73560,2004-08-04,left_only,False,daily_id_absent_from_event_catalog
74059,2004-08-03,left_only,False,daily_id_absent_from_event_catalog
7528,2001-09-04,left_only,False,daily_id_absent_from_event_catalog
76495,2004-08-09,left_only,False,daily_id_absent_from_event_catalog
76495,2004-08-11,left_only,False,daily_id_absent_from_event_catalog
76495,2004-08-13,left_only,False,daily_id_absent_from_event_catalog
76495,2004-08-14,left_only,False,daily_id_absent_from_event_catalog
77320,2004-08-17,left_only,False,daily_id_absent_from_event_catalog
77616,2004-08-18,left_only,False,daily_id_absent_from_event_catalog
81122,2004-09-13,left_only,False,daily_id_absent_from_event_catalog
81122,2004-09-15,left_only,False,daily_id_absent_from_event_catalog
81122,2004-09-16,left_only,False,daily_id_absent_from_event_catalog
81122,2004-09-19,left_only,False,daily_id_absent_from_event_catalog
84485,2004-10-21,left_only,False,daily_id_absent_from_event_catalog
86302,2004-12-09,left_only,False,daily_id_absent_from_event_catalog
86302,2004-12-11,left_only,False,daily_id_absent_from_event_catalog
86302,2004-12-14,left_only,False,daily_id_absent_from_event_catalog
86302,2004-12-15,left_only,False,daily_id_absent_from_event_catalog
86302,2004-12-16,left_only,False,daily_id_absent_from_event_catalog
86302,2004-12-20,left_only,False,daily_id_absent_from_event_catalog
86353,2004-12-10,left_only,False,daily_id_absent_from_event_catalog
86394,2004-12-11,left_only,False,daily_id_absent_from_event_catalog
87654,2005-01-22,left_only,False,daily_id_absent_from_event_catalog
90509,2005-03-09,left_only,False,daily_id_absent_from_event_catalog
91350,2005-03-16,left_only,False,daily_id_absent_from_event_catalog
91350,2005-03-28,left_only,False,daily_id_absent_from_event_catalog
91350,2005-03-29,left_only,False,daily_id_absent_from_event_catalog
91350,2005-03-30,left_only,False,daily_id_absent_from_event_catalog
91363,2005-03-16,left_only,False,daily_id_absent_from_event_catalog
91363,2005-03-19,left_only,False,daily_id_absent_from_event_catalog
91363,2005-03-21,left_only,False,daily_id_absent_from_event_catalog
93626,2005-04-23,left_only,False,daily_id_absent_from_event_catalog
96801,2005-05-19,left_only,False,daily_id_absent_from_event_catalog
