kind,predictor_set,stratum,value,n,r2,delta_r2,resampling,groups,r2_low,r2_high,delta_low,delta_high
random_fire,autoregressive,region,central,24323,0.16073753343,0,fire_id,10105,0.130068984039,0.188112407868,0,0
random_fire,autoregressive,region,east,17224,0.312633456971,0,fire_id,6575,0.227777985322,0.415403303504,0,0
random_fire,autoregressive,region,intermountain,23399,0.400591344421,0,fire_id,8866,0.37082227467,0.427817470079,0,0
random_fire,autoregressive,region,west,22998,0.503765767208,0,fire_id,6154,0.48159730991,0.529625877086,0,0
random_fire,autoregressive,season,DJF,12759,0.145855200772,0,fire_id,5237,0.0790342611559,0.22870982239,0,0
random_fire,autoregressive,season,JJA,29913,0.511076676833,0,fire_id,8208,0.485426906749,0.530022879247,0,0
random_fire,autoregressive,season,MAM,20363,0.353544872736,0,fire_id,8398,0.310906235124,0.38676341359,0,0
random_fire,autoregressive,season,SON,24909,0.377445779575,0,fire_id,9857,0.335990267717,0.418093347675,0,0
random_fire,autoregressive,size_class,"(0.0, 1.0]",1947,-7.37587999171,0,fire_id,1838,-8.20198004983,-6.62367242722,0,0
random_fire,autoregressive,size_class,"(1.0, 10.0]",46640,-0.254274929015,0,fire_id,23072,-0.268864192001,-0.236422281792,0,0
random_fire,autoregressive,size_class,"(10.0, 100.0]",31106,0.0777051169386,0,fire_id,6160,0.0631191694867,0.0933295596597,0,0
random_fire,autoregressive,size_class,"(100.0, 1000.0]",7652,0.305152916136,0,fire_id,599,0.272391228895,0.329367223851,0,0
random_fire,autoregressive,size_class,"(1000.0, inf]",599,0.379507393577,0,fire_id,31,0.230246545734,0.451664396879,0,0
random_fire,autoregressive,observation_quality,consecutive_history,21677,0.464864368307,0,fire_id,9212,0.432307191995,0.493518322019,0,0
random_fire,autoregressive,observation_quality,history_has_gaps,66267,0.455686012558,0,fire_id,22488,0.432595490631,0.479124372181,0,0
random_fire,mean_only,region,central,24323,-0.190603697387,-0.351341230817,fire_id,10105,-0.220540126013,-0.163865935362,-0.375559462249,-0.332132540951
random_fire,mean_only,region,east,17224,-0.230363132786,-0.542996589757,fire_id,6575,-0.300781223206,-0.160664689014,-0.584301110779,-0.507542381502
random_fire,mean_only,region,intermountain,23399,-0.018502489873,-0.419093834294,fire_id,8866,-0.0254045927127,-0.0122324304793,-0.452487715562,-0.386248093435
random_fire,mean_only,region,west,22998,-0.0802264693131,-0.583992236521,fire_id,6154,-0.0957162394267,-0.0622678189428,-0.621856502803,-0.545762347306
random_fire,mean_only,season,DJF,12759,-0.173283867781,-0.319139068553,fire_id,5237,-0.215764341784,-0.130967367653,-0.372850969561,-0.280792760407
random_fire,mean_only,season,JJA,29913,-0.0516728587655,-0.562749535598,fire_id,8208,-0.0622217096881,-0.0399516449417,-0.587543784752,-0.527984562426
random_fire,mean_only,season,MAM,20363,-0.0040858219403,-0.357630694677,fire_id,8398,-0.00796027971458,-0.00103124790047,-0.393872553881,-0.313965310898
random_fire,mean_only,season,SON,24909,-0.108183125501,-0.485628905076,fire_id,9857,-0.143795162229,-0.0833766117544,-0.508510983512,-0.463193614382
random_fire,mean_only,size_class,"(0.0, 1.0]",1947,-105.017437231,-97.6415572396,fire_id,1838,-114.43641047,-97.0677868859,-106.100900444,-90.3502013758
random_fire,mean_only,size_class,"(1.0, 10.0]",46640,-1.09527249426,-0.840997565247,fire_id,23072,-1.12730517924,-1.0536821537,-0.869956506133,-0.809263376149
random_fire,mean_only,size_class,"(10.0, 100.0]",31106,-0.0746065991025,-0.152311716041,fire_id,6160,-0.0814546579239,-0.0657279621613,-0.170415803213,-0.133383249468
random_fire,mean_only,size_class,"(100.0, 1000.0]",7652,-0.957960228208,-1.26311314434,fire_id,599,-1.03431459936,-0.890576806784,-1.33186448155,-1.20017961099
random_fire,mean_only,size_class,"(1000.0, inf]",599,-2.01652944673,-2.3960368403,fire_id,31,-2.79708344682,-1.53764253695,-3.0647809579,-1.94489375193
random_fire,mean_only,observation_quality,consecutive_history,21677,-0.000480066308294,-0.465344434616,fire_id,9212,-0.00173161203221,-0.000227056328908,-0.49495456113,-0.433020204533
random_fire,mean_only,observation_quality,history_has_gaps,66267,-0.000267221846226,-0.455953234404,fire_id,22488,-0.00080163783398,-4.50986887146e-05,-0.479518174752,-0.433393615741
random_fire,persistence,region,central,24323,-0.188567423788,-0.349304957218,fire_id,10105,-0.25197153346,-0.142183475592,-0.375930030514,-0.329991757821
random_fire,persistence,region,east,17224,0.0671709020039,-0.245462554967,fire_id,6575,-0.0645382966263,0.232924562147,-0.294888761597,-0.182375273488
random_fire,persistence,region,intermountain,23399,0.212230455131,-0.18836088929,fire_id,8866,0.160663665972,0.259660014901,-0.210567175375,-0.167745183679
random_fire,persistence,region,west,22998,0.403948738495,-0.0998170287126,fire_id,6154,0.364036026759,0.447824318929,-0.119698067338,-0.0829952524049
random_fire,persistence,season,DJF,12759,-0.217028329743,-0.362883530515,fire_id,5237,-0.326914383829,-0.077654603983,-0.41171060603,-0.30729301157
random_fire,persistence,season,JJA,29913,0.407056414568,-0.104020262265,fire_id,8208,0.362373782097,0.437235311956,-0.12153721777,-0.0911173793033
random_fire,persistence,season,MAM,20363,0.127028740213,-0.226516132523,fire_id,8398,0.0586692521612,0.185663685447,-0.253380265123,-0.20040622629
random_fire,persistence,season,SON,24909,0.172959621306,-0.204486158269,fire_id,9857,0.0993506506339,0.243463505904,-0.236977647128,-0.176398700129
random_fire,persistence,size_class,"(0.0, 1.0]",1947,-1.52534641908,5.85053357264,fire_id,1838,-1.72252531205,-1.34654326612,5.21839734379,6.57671032892
random_fire,persistence,size_class,"(1.0, 10.0]",46640,-0.813911916196,-0.559636987181,fire_id,23072,-0.839271039037,-0.781006552177,-0.572998570207,-0.542154080174
random_fire,persistence,size_class,"(10.0, 100.0]",31106,-0.292968177915,-0.370673294853,fire_id,6160,-0.31930803306,-0.267972231173,-0.38408635642,-0.355749529546
random_fire,persistence,size_class,"(100.0, 1000.0]",7652,0.269968703857,-0.035184212279,fire_id,599,0.220138611126,0.310244247738,-0.0557477037773,-0.0152628988742
random_fire,persistence,size_class,"(1000.0, inf]",599,0.582186613426,0.202679219849,fire_id,31,0.463020719583,0.655328226887,0.140295096904,0.276496398447
random_fire,persistence,observation_quality,consecutive_history,21677,0.304784119131,-0.160080249176,fire_id,9212,0.247772463109,0.3542894441,-0.185124004877,-0.138672418309
random_fire,persistence,observation_quality,history_has_gaps,66267,0.298866227177,-0.156819785381,fire_id,22488,0.259612227123,0.334527634767,-0.172417638218,-0.143061600249
random_fire,state_plus_weather,region,central,24323,0.163364207892,0.00262667446215,fire_id,10105,0.132944620339,0.190848475899,0.000436880898893,0.0046588763559
random_fire,state_plus_weather,region,east,17224,0.320729220821,0.00809576385003,fire_id,6575,0.239678716107,0.419877034627,0.00294741910271,0.0132340428191
random_fire,state_plus_weather,region,intermountain,23399,0.404833035484,0.00424169106307,fire_id,8866,0.375530510047,0.432331145188,0.00249007295352,0.0058379093341
random_fire,state_plus_weather,region,west,22998,0.511205455642,0.00743968843389,fire_id,6154,0.489156604418,0.536666621351,0.00606030650655,0.00899229012087
random_fire,state_plus_weather,season,DJF,12759,0.155652238128,0.00979703735513,fire_id,5237,0.0908523516938,0.239091536557,0.00646136099173,0.0126542211452
random_fire,state_plus_weather,season,JJA,29913,0.516068017327,0.00499134049371,fire_id,8208,0.490761195438,0.534583110059,0.00373641663301,0.00665346383762
random_fire,state_plus_weather,season,MAM,20363,0.358468086443,0.00492321370633,fire_id,8398,0.317367159003,0.390772348631,0.00320967605203,0.00729760938801
random_fire,state_plus_weather,season,SON,24909,0.384985477508,0.00753969793368,fire_id,9857,0.343278458623,0.42598730402,0.005608937634,0.00952530998338
random_fire,state_plus_weather,size_class,"(0.0, 1.0]",1947,-8.91481866576,-1.53893867405,fire_id,1838,-10.0138464862,-8.00993778593,-2.04739434683,-1.14762935208
random_fire,state_plus_weather,size_class,"(1.0, 10.0]",46640,-0.266499538279,-0.0122246092638,fire_id,23072,-0.281797701368,-0.248368452852,-0.0152951086883,-0.0089458870775
random_fire,state_plus_weather,size_class,"(10.0, 100.0]",31106,0.0887500227933,0.0110449058547,fire_id,6160,0.0741463458659,0.104769744491,0.00953182284042,0.0128465645691
random_fire,state_plus_weather,size_class,"(100.0, 1000.0]",7652,0.319504183149,0.0143512670124,fire_id,599,0.286968236002,0.343280743609,0.0114158296803,0.0170918935842
random_fire,state_plus_weather,size_class,"(1000.0, inf]",599,0.392798464075,0.0132910704986,fire_id,31,0.256940877418,0.463104597045,0.00190222360321,0.0259529977951
random_fire,state_plus_weather,observation_quality,consecutive_history,21677,0.47107351109,0.00620914278247,fire_id,9212,0.438619559478,0.500692699784,0.00451404621029,0.00778408374168
random_fire,state_plus_weather,observation_quality,history_has_gaps,66267,0.460734016616,0.00504800405762,fire_id,22488,0.437621336108,0.483855162334,0.00410776599069,0.00610916687902
random_fire,state_weather_interactions,region,central,24323,0.185975962629,0.0252384291987,fire_id,10105,0.157323409638,0.211935236075,0.0208125293175,0.0315298972559
random_fire,state_weather_interactions,region,east,17224,0.335149397462,0.0225159404912,fire_id,6575,0.260452470723,0.426123391814,0.00794223661832,0.0355085301432
random_fire,state_weather_interactions,region,intermountain,23399,0.414080318925,0.0134889745037,fire_id,8866,0.384495732617,0.442921660418,0.00926991380304,0.0175416947883
random_fire,state_weather_interactions,region,west,22998,0.519244107414,0.015478340206,fire_id,6154,0.495688936964,0.545045136,0.0117308704763,0.0195194441167
random_fire,state_weather_interactions,season,DJF,12759,0.187588272476,0.0417330717033,fire_id,5237,0.126618094302,0.26767106595,0.0345428308324,0.0476127416339
random_fire,state_weather_interactions,season,JJA,29913,0.523151127026,0.0120744501933,fire_id,8208,0.496052462484,0.54320883464,0.00830870991143,0.0161784906132
random_fire,state_weather_interactions,season,MAM,20363,0.366426297793,0.012881425057,fire_id,8398,0.327252712938,0.399824031254,0.00792173848965,0.0178114347762
random_fire,state_weather_interactions,season,SON,24909,0.401565533377,0.0241197538026,fire_id,9857,0.360486200354,0.443114891407,0.0197037545026,0.0279491140134
random_fire,state_weather_interactions,size_class,"(0.0, 1.0]",1947,-8.33008220664,-0.95420221493,fire_id,1838,-9.33283628306,-7.52047526306,-1.19649774486,-0.751966424985
random_fire,state_weather_interactions,size_class,"(1.0, 10.0]",46640,-0.224780980756,0.0294939482585,fire_id,23072,-0.239783854438,-0.20792550342,0.0249891061601,0.0342119049559
random_fire,state_weather_interactions,size_class,"(10.0, 100.0]",31106,0.0905820731517,0.0128769562131,fire_id,6160,0.0765412415152,0.10576674339,0.00928061663607,0.0168432205849
random_fire,state_weather_interactions,size_class,"(100.0, 1000.0]",7652,0.338230839502,0.0330779233656,fire_id,599,0.306814939674,0.362087077203,0.0241790797269,0.0413883796393
random_fire,state_weather_interactions,size_class,"(1000.0, inf]",599,0.454604777599,0.0750973840217,fire_id,31,0.343136092482,0.527789735198,0.0373757515327,0.119634960325
random_fire,state_weather_interactions,observation_quality,consecutive_history,21677,0.481891097847,0.0170267295397,fire_id,9212,0.448538981108,0.511773068171,0.0131365280051,0.021197778662
random_fire,state_weather_interactions,observation_quality,history_has_gaps,66267,0.47015405989,0.0144680473321,fire_id,22488,0.445467996542,0.4926093958,0.0119525791532,0.0169157724055
random_fire,weather_only,region,central,24323,-0.13578988965,-0.29652742308,fire_id,10105,-0.162331025102,-0.116281129041,-0.322020509136,-0.270539930943
random_fire,weather_only,region,east,17224,-0.0160707438926,-0.328704200864,fire_id,6575,-0.0419386783403,0.0088925448146,-0.41151374781,-0.264782964294
random_fire,weather_only,region,intermountain,23399,0.0365017722631,-0.364089572158,fire_id,8866,0.0235784136644,0.049493619245,-0.385794287355,-0.338580919917
random_fire,weather_only,region,west,22998,0.0236186197479,-0.48014714746,fire_id,6154,0.0110287407513,0.0354261152246,-0.511670420464,-0.452587754682
random_fire,weather_only,season,DJF,12759,-0.0263639777913,-0.172219178564,fire_id,5237,-0.0615015074093,0.0171645291348,-0.224545962308,-0.129538276457
random_fire,weather_only,season,JJA,29913,0.0478104373913,-0.463266239441,fire_id,8208,0.038642362672,0.0606919365513,-0.483705971279,-0.433823452146
random_fire,weather_only,season,MAM,20363,0.0422528597068,-0.31129201303,fire_id,8398,0.0277075267975,0.0577310373394,-0.345197946946,-0.273700524945
random_fire,weather_only,season,SON,24909,-0.0144043133083,-0.391850092883,fire_id,9857,-0.05075349912,0.0191953998707,-0.413788385482,-0.369852586156
random_fire,weather_only,size_class,"(0.0, 1.0]",1947,-113.064445448,-105.688565457,fire_id,1838,-124.987929673,-103.195981293,-116.655943989,-96.4770846944
random_fire,weather_only,size_class,"(1.0, 10.0]",46640,-1.11641893392,-0.862144004907,fire_id,23072,-1.15650930443,-1.06482885958,-0.904086732426,-0.818907947931
random_fire,weather_only,size_class,"(10.0, 100.0]",31106,-0.0356456959727,-0.113350812911,fire_id,6160,-0.0446062012031,-0.0264043705188,-0.128536892152,-0.0975829097056
random_fire,weather_only,size_class,"(100.0, 1000.0]",7652,-0.662396983794,-0.96754989993,fire_id,599,-0.718411414935,-0.607853886743,-1.02319128599,-0.919552321543
random_fire,weather_only,size_class,"(1000.0, inf]",599,-1.54988456481,-1.92939195839,fire_id,31,-2.17346001212,-1.1319314002,-2.45669050262,-1.55800051803
random_fire,weather_only,observation_quality,consecutive_history,21677,0.0869106104256,-0.377953757882,fire_id,9212,0.0714328775634,0.100272725496,-0.4008603187,-0.353422428141
random_fire,weather_only,observation_quality,history_has_gaps,66267,0.0816043609646,-0.374081651593,fire_id,22488,0.0717142459675,0.0907797332647,-0.394147342716,-0.353019486453
region_block,autoregressive,region,central,24323,0.143775983067,0,fire_id,10105,0.110686903356,0.172942993534,0,0
region_block,autoregressive,region,east,17224,0.305536492691,0,fire_id,6575,0.218562043094,0.409799880199,0,0
region_block,autoregressive,region,intermountain,23399,0.399563374997,0,fire_id,8866,0.369124622415,0.427177889821,0,0
region_block,autoregressive,region,west,22998,0.484663786997,0,fire_id,6154,0.463767752892,0.508026404261,0,0
region_block,autoregressive,season,DJF,12759,0.133906375198,0,fire_id,5237,0.0681612562356,0.214648095992,0,0
region_block,autoregressive,season,JJA,29913,0.495751572676,0,fire_id,8208,0.472345542615,0.514281636218,0,0
region_block,autoregressive,season,MAM,20363,0.350234498289,0,fire_id,8398,0.306868152707,0.384126330751,0,0
region_block,autoregressive,season,SON,24909,0.366955323423,0,fire_id,9857,0.326447996169,0.407008160657,0,0
region_block,autoregressive,size_class,"(0.0, 1.0]",1947,-7.52475923425,0,fire_id,1838,-8.38413354755,-6.74218343017,0,0
region_block,autoregressive,size_class,"(1.0, 10.0]",46640,-0.262333677414,0,fire_id,23072,-0.276510370148,-0.244013419267,0,0
region_block,autoregressive,size_class,"(10.0, 100.0]",31106,0.0740419928497,0,fire_id,6160,0.0599086178421,0.0891875137469,0,0
region_block,autoregressive,size_class,"(100.0, 1000.0]",7652,0.271816917787,0,fire_id,599,0.239557885481,0.294139503343,0,0
region_block,autoregressive,size_class,"(1000.0, inf]",599,0.308673063361,0,fire_id,31,0.165615931764,0.383391429962,0,0
region_block,autoregressive,observation_quality,consecutive_history,21677,0.457123240214,0,fire_id,9212,0.42595794213,0.484597781158,0,0
region_block,autoregressive,observation_quality,history_has_gaps,66267,0.443716333279,0,fire_id,22488,0.421012689713,0.465624920503,0,0
region_block,mean_only,region,central,24323,-0.363422468571,-0.507198451639,fire_id,10105,-0.411186513887,-0.322386267806,-0.54168642598,-0.480137690137
region_block,mean_only,region,east,17224,-0.356301361951,-0.661837854641,fire_id,6575,-0.454828890598,-0.257181345357,-0.707891071793,-0.625806027694
region_block,mean_only,region,intermountain,23399,-0.0337058603095,-0.433269235307,fire_id,8866,-0.0422357420441,-0.0258258746654,-0.469013816067,-0.39857363701
region_block,mean_only,region,west,22998,-0.14633826125,-0.631002048246,fire_id,6154,-0.165552912817,-0.124335181744,-0.667423573274,-0.591852511748
region_block,mean_only,season,DJF,12759,-0.286271830263,-0.420178205462,fire_id,5237,-0.341477710537,-0.230115871183,-0.47126095136,-0.382779133249
region_block,mean_only,season,JJA,29913,-0.118355591052,-0.614107163728,fire_id,8208,-0.131042485098,-0.103430081696,-0.638021168232,-0.580339965966
region_block,mean_only,season,MAM,20363,-0.0348944801106,-0.3851289784,fire_id,8398,-0.0397533121282,-0.0314188184541,-0.421118483676,-0.341103910676
region_block,mean_only,season,SON,24909,-0.195331413313,-0.562286736736,fire_id,9857,-0.237946115355,-0.166754568682,-0.584447655643,-0.539527428898
region_block,mean_only,size_class,"(0.0, 1.0]",1947,-108.49544554,-100.970686305,fire_id,1838,-118.597778913,-100.199948185,-110.10122543,-93.3965130317
region_block,mean_only,size_class,"(1.0, 10.0]",46640,-1.27868199836,-1.01634832095,fire_id,23072,-1.31464827421,-1.2337273232,-1.04964145173,-0.980341176146
region_block,mean_only,size_class,"(10.0, 100.0]",31106,-0.130265372878,-0.204307365728,fire_id,6160,-0.138623664538,-0.120499176867,-0.222118994129,-0.185640530128
region_block,mean_only,size_class,"(100.0, 1000.0]",7652,-1.07442477489,-1.34624169268,fire_id,599,-1.15666893669,-1.00298585405,-1.42307009072,-1.28366834996
region_block,mean_only,size_class,"(1000.0, inf]",599,-2.15449417091,-2.46316723427,fire_id,31,-2.92881302595,-1.66452427136,-3.16045278188,-1.99809851575
region_block,mean_only,observation_quality,consecutive_history,21677,-0.05091231915,-0.508035559364,fire_id,9212,-0.0547008280336,-0.0483993759437,-0.538221347158,-0.476868785571
region_block,mean_only,observation_quality,history_has_gaps,66267,-0.0651075350018,-0.508823868281,fire_id,22488,-0.0685941652666,-0.0620807059926,-0.532103817934,-0.486860735884
region_block,persistence,region,central,24323,-0.188567423788,-0.332343406855,fire_id,10105,-0.25197153346,-0.142183475592,-0.356948979452,-0.314987457271
region_block,persistence,region,east,17224,0.0671709020039,-0.238365590687,fire_id,6575,-0.0645382966263,0.232924562147,-0.286212486205,-0.177098335141
region_block,persistence,region,intermountain,23399,0.212230455131,-0.187332919866,fire_id,8866,0.160663665972,0.259660014901,-0.209066490241,-0.167198561241
region_block,persistence,region,west,22998,0.403948738495,-0.0807150485015,fire_id,6154,0.364036026759,0.447824318929,-0.103212834252,-0.0618517719334
region_block,persistence,season,DJF,12759,-0.217028329743,-0.350934704941,fire_id,5237,-0.326914383829,-0.077654603983,-0.401545772937,-0.292302699975
region_block,persistence,season,JJA,29913,0.407056414568,-0.0886951581075,fire_id,8208,0.362373782097,0.437235311956,-0.108510822198,-0.0744849163834
region_block,persistence,season,MAM,20363,0.127028740213,-0.223205758076,fire_id,8398,0.0586692521612,0.185663685447,-0.249908594153,-0.19759540742
region_block,persistence,season,SON,24909,0.172959621306,-0.193995702117,fire_id,9857,0.0993506506339,0.243463505904,-0.227440917739,-0.166306386691
region_block,persistence,size_class,"(0.0, 1.0]",1947,-1.52534641908,5.99941281517,fire_id,1838,-1.72252531205,-1.34654326612,5.38061323923,6.74584272338
region_block,persistence,size_class,"(1.0, 10.0]",46640,-0.813911916196,-0.551578238782,fire_id,23072,-0.839271039037,-0.781006552177,-0.565351716103,-0.53461002727
region_block,persistence,size_class,"(10.0, 100.0]",31106,-0.292968177915,-0.367010170764,fire_id,6160,-0.31930803306,-0.267972231173,-0.380918560634,-0.351404303177
region_block,persistence,size_class,"(100.0, 1000.0]",7652,0.269968703857,-0.00184821392994,fire_id,599,0.220138611126,0.310244247738,-0.0250314553076,0.0216904625263
region_block,persistence,size_class,"(1000.0, inf]",599,0.582186613426,0.273513550066,fire_id,31,0.463020719583,0.655328226887,0.207411037723,0.362295380253
region_block,persistence,observation_quality,consecutive_history,21677,0.304784119131,-0.152339121083,fire_id,9212,0.247772463109,0.3542894441,-0.178119207847,-0.13067975664
region_block,persistence,observation_quality,history_has_gaps,66267,0.298866227177,-0.144850106102,fire_id,22488,0.259612227123,0.334527634767,-0.16163529192,-0.129898068714
region_block,state_plus_weather,region,central,24323,0.149325058676,0.00554907560849,fire_id,10105,0.117685131632,0.177703636096,0.00316214720498,0.00803638959709
region_block,state_plus_weather,region,east,17224,0.317193219962,0.011656727271,fire_id,6575,0.235768350045,0.417413118939,0.00556357326464,0.0181020782763
region_block,state_plus_weather,region,intermountain,23399,0.40263639253,0.00307301753268,fire_id,8866,0.372694501931,0.430913185082,0.00111875902181,0.00506376581527
region_block,state_plus_weather,region,west,22998,0.490716994359,0.00605320736163,fire_id,6154,0.4701276633,0.513278837531,0.0049411617591,0.00729824515231
region_block,state_plus_weather,season,DJF,12759,0.147177312587,0.0132709373884,fire_id,5237,0.0843111503998,0.227288389407,0.0095155463415,0.0166341269212
region_block,state_plus_weather,season,JJA,29913,0.499130805882,0.00337923320628,fire_id,8208,0.476346268406,0.517189389263,0.00216708147432,0.00481645288307
region_block,state_plus_weather,season,MAM,20363,0.355709778033,0.00547527974409,fire_id,8398,0.31414431482,0.388726245722,0.00348010530934,0.00802946421731
region_block,state_plus_weather,season,SON,24909,0.375099763251,0.0081444398285,fire_id,9857,0.335130065128,0.41540312104,0.00632548512332,0.00986588378322
region_block,state_plus_weather,size_class,"(0.0, 1.0]",1947,-8.74103787811,-1.21627864386,fire_id,1838,-9.76559833831,-7.88636220722,-1.63630510084,-0.868169454907
region_block,state_plus_weather,size_class,"(1.0, 10.0]",46640,-0.267559842717,-0.0052261653034,fire_id,23072,-0.283531067502,-0.249263797451,-0.00911014253915,-0.00128626548727
region_block,state_plus_weather,size_class,"(10.0, 100.0]",31106,0.0848877307609,0.0108457379112,fire_id,6160,0.0708870334417,0.0996030483241,0.00928224650964,0.0125208094001
region_block,state_plus_weather,size_class,"(100.0, 1000.0]",7652,0.282754899601,0.0109379818139,fire_id,599,0.252846440724,0.304573150354,0.00808136332093,0.013397887297
region_block,state_plus_weather,size_class,"(1000.0, inf]",599,0.313295691948,0.00462262858706,fire_id,31,0.171000113172,0.390389777534,-0.00547487153028,0.0142936729937
region_block,state_plus_weather,observation_quality,consecutive_history,21677,0.463317090628,0.00619385041385,fire_id,9212,0.432331094165,0.49173868041,0.0045662693537,0.00777009414937
region_block,state_plus_weather,observation_quality,history_has_gaps,66267,0.448235302538,0.00451896925852,fire_id,22488,0.425900944726,0.469806126086,0.00360362014141,0.00562539239717
region_block,state_weather_interactions,region,central,24323,0.175097264127,0.03132128106,fire_id,10105,0.14554290773,0.201491518784,0.0265862735209,0.0375671487942
region_block,state_weather_interactions,region,east,17224,0.332750040166,0.0272135474755,fire_id,6575,0.258155547433,0.42356650573,0.0109113693034,0.0418489031683
region_block,state_weather_interactions,region,intermountain,23399,0.410618751324,0.0110553763266,fire_id,8866,0.380327864064,0.440799959628,0.00638770178196,0.0160095870727
region_block,state_weather_interactions,region,west,22998,0.506541361894,0.0218775748972,fire_id,6154,0.485193149193,0.530575826684,0.0177460578077,0.0259856823966
region_block,state_weather_interactions,season,DJF,12759,0.183592773245,0.0496863980461,fire_id,5237,0.123408997944,0.260354195395,0.0409641155502,0.0573007460496
region_block,state_weather_interactions,season,JJA,29913,0.511718440732,0.0159668680565,fire_id,8208,0.486517591449,0.530584628081,0.012630083993,0.0204704764341
region_block,state_weather_interactions,season,MAM,20363,0.363515676857,0.0132811785681,fire_id,8398,0.323336375032,0.3976053402,0.00815194668799,0.0185617410909
region_block,state_weather_interactions,season,SON,24909,0.393929379944,0.0269740565214,fire_id,9857,0.354793521279,0.433748682054,0.0221177618473,0.0313715081513
region_block,state_weather_interactions,size_class,"(0.0, 1.0]",1947,-8.08093884515,-0.556179610908,fire_id,1838,-9.0069621724,-7.25283189029,-0.823491618017,-0.362220285225
region_block,state_weather_interactions,size_class,"(1.0, 10.0]",46640,-0.225455354167,0.0368783232466,fire_id,23072,-0.239443045356,-0.208741984436,0.0319198605273,0.0420173069136
region_block,state_weather_interactions,size_class,"(10.0, 100.0]",31106,0.0876651560755,0.0136231632258,fire_id,6160,0.0741386070594,0.102957452271,0.00965768639765,0.0176053542151
region_block,state_weather_interactions,size_class,"(100.0, 1000.0]",7652,0.312495104395,0.0406781866081,fire_id,599,0.280970540144,0.334293799349,0.0305933479063,0.0502497607872
region_block,state_weather_interactions,size_class,"(1000.0, inf]",599,0.399626353809,0.0909532904487,fire_id,31,0.272084351586,0.475266337702,0.0488413052002,0.145346612922
region_block,state_weather_interactions,observation_quality,consecutive_history,21677,0.477973271795,0.0208500315807,fire_id,9212,0.445456884763,0.507310050434,0.0170121904335,0.025435076073
region_block,state_weather_interactions,observation_quality,history_has_gaps,66267,0.460742418759,0.0170260854802,fire_id,22488,0.436900388806,0.482456672474,0.0146096394479,0.0197847448644
region_block,weather_only,region,central,24323,-0.188533939757,-0.332309922824,fire_id,10105,-0.219397394708,-0.164573982477,-0.359668352308,-0.308110419484
region_block,weather_only,region,east,17224,-0.0282439027914,-0.333780395482,fire_id,6575,-0.0561360797208,-0.00214011558012,-0.415357447054,-0.269816403817
region_block,weather_only,region,intermountain,23399,0.022349556017,-0.37721381898,fire_id,8866,0.00704366331467,0.037398001549,-0.400357788162,-0.351643988557
region_block,weather_only,region,west,22998,-0.0336500778322,-0.518313864829,fire_id,6154,-0.0483745708399,-0.016738938857,-0.554258364619,-0.486605666469
region_block,weather_only,season,DJF,12759,-0.0383357252009,-0.172242100399,fire_id,5237,-0.0686972150455,-0.00390979826999,-0.232142503891,-0.12648853519
region_block,weather_only,season,JJA,29913,-0.00903425580269,-0.504785828478,fire_id,8208,-0.0198458025696,0.00808851389082,-0.528344819679,-0.474375728844
region_block,weather_only,season,MAM,20363,0.0300475782409,-0.320186920048,fire_id,8398,0.0152475654913,0.0447882037647,-0.356038074122,-0.283050685905
region_block,weather_only,season,SON,24909,-0.0361059195763,-0.403061242999,fire_id,9857,-0.0668142904518,-0.00923014275674,-0.423299944558,-0.379417416314
region_block,weather_only,size_class,"(0.0, 1.0]",1947,-107.337218935,-99.8124597008,fire_id,1838,-117.9919976,-98.4604452325,-109.773935677,-91.7416019111
region_block,weather_only,size_class,"(1.0, 10.0]",46640,-1.05267138422,-0.790337706806,fire_id,23072,-1.0940520518,-1.00668805607,-0.825119643865,-0.746438486245
region_block,weather_only,size_class,"(10.0, 100.0]",31106,-0.0658478445905,-0.13988983744,fire_id,6160,-0.0746877153219,-0.0555325628558,-0.156931767491,-0.124339291169
region_block,weather_only,size_class,"(100.0, 1000.0]",7652,-0.788890863807,-1.06070778159,fire_id,599,-0.855193719932,-0.732569155395,-1.11964935284,-1.00967202876
region_block,weather_only,size_class,"(1000.0, inf]",599,-1.76544250027,-2.07411556363,fire_id,31,-2.4397360808,-1.3456029862,-2.64084848006,-1.66347989847
region_block,weather_only,observation_quality,consecutive_history,21677,0.0605153374586,-0.396607902756,fire_id,9212,0.0456437798091,0.0739442017957,-0.419450917648,-0.370220504057
region_block,weather_only,observation_quality,history_has_gaps,66267,0.0427464212812,-0.400969911998,fire_id,22488,0.0353068290985,0.0499121973892,-0.423223309088,-0.378542286221
spatiotemporal,autoregressive,region,central,24323,0.143470053103,0,fire_id,10105,0.110721694213,0.172647168846,0,0
spatiotemporal,autoregressive,region,east,17224,0.305417277763,0,fire_id,6575,0.21784927579,0.410593386409,0,0
spatiotemporal,autoregressive,region,intermountain,23399,0.399276608909,0,fire_id,8866,0.368532946523,0.427099467413,0,0
spatiotemporal,autoregressive,region,west,22998,0.484708483013,0,fire_id,6154,0.463756998129,0.507694656461,0,0
spatiotemporal,autoregressive,season,DJF,12759,0.132992605257,0,fire_id,5237,0.0670494907064,0.213903903512,0,0
spatiotemporal,autoregressive,season,JJA,29913,0.49567911259,0,fire_id,8208,0.472393091753,0.514109452183,0,0
spatiotemporal,autoregressive,season,MAM,20363,0.350279298213,0,fire_id,8398,0.306770665787,0.384297911078,0,0
spatiotemporal,autoregressive,season,SON,24909,0.366723837198,0,fire_id,9857,0.326267298511,0.40681988037,0,0
spatiotemporal,autoregressive,size_class,"(0.0, 1.0]",1947,-7.44075500903,0,fire_id,1838,-8.30125721469,-6.67087031233,0,0
spatiotemporal,autoregressive,size_class,"(1.0, 10.0]",46640,-0.2629859149,0,fire_id,23072,-0.27717243167,-0.244668863161,0,0
spatiotemporal,autoregressive,size_class,"(10.0, 100.0]",31106,0.0732537858177,0,fire_id,6160,0.0591878513678,0.0884343036414,0,0
spatiotemporal,autoregressive,size_class,"(100.0, 1000.0]",7652,0.272662051342,0,fire_id,599,0.240063741837,0.294996289191,0,0
spatiotemporal,autoregressive,size_class,"(1000.0, inf]",599,0.308251959923,0,fire_id,31,0.158953716367,0.382927181969,0,0
spatiotemporal,autoregressive,observation_quality,consecutive_history,21677,0.456951646373,0,fire_id,9212,0.425606727046,0.484398362166,0,0
spatiotemporal,autoregressive,observation_quality,history_has_gaps,66267,0.443626352276,0,fire_id,22488,0.420784871782,0.465479718422,0,0
spatiotemporal,mean_only,region,central,24323,-0.364176560704,-0.507646613807,fire_id,10105,-0.41190476576,-0.322922480261,-0.542436338689,-0.480994088707
spatiotemporal,mean_only,region,east,17224,-0.36194259909,-0.667359876854,fire_id,6575,-0.462907761992,-0.261123201528,-0.714660578956,-0.630897518739
spatiotemporal,mean_only,region,intermountain,23399,-0.0330836390264,-0.432360247935,fire_id,8866,-0.0419757298422,-0.0250581435089,-0.468113175204,-0.397886543055
spatiotemporal,mean_only,region,west,22998,-0.145710521468,-0.630419004482,fire_id,6154,-0.164599842677,-0.12353639677,-0.666928146397,-0.59116318235
spatiotemporal,mean_only,season,DJF,12759,-0.290364100331,-0.423356705587,fire_id,5237,-0.346460093746,-0.233207795859,-0.47373121266,-0.385649348164
spatiotemporal,mean_only,season,JJA,29913,-0.11733983625,-0.61301894884,fire_id,8208,-0.130111861009,-0.102121412104,-0.636937233715,-0.579279829181
spatiotemporal,mean_only,season,MAM,20363,-0.0342119554317,-0.384491253645,fire_id,8398,-0.0388028354199,-0.0306384860042,-0.420486240799,-0.340554746364
spatiotemporal,mean_only,season,SON,24909,-0.19831180263,-0.565035639828,fire_id,9857,-0.241296978854,-0.170320160004,-0.587589347739,-0.542215512468
spatiotemporal,mean_only,size_class,"(0.0, 1.0]",1947,-108.693318418,-101.252563409,fire_id,1838,-118.85386047,-100.314246681,-110.456413126,-93.5896697995
spatiotemporal,mean_only,size_class,"(1.0, 10.0]",46640,-1.28685079593,-1.02386488103,fire_id,23072,-1.32345671922,-1.24127658402,-1.05729194978,-0.987239361329
spatiotemporal,mean_only,size_class,"(10.0, 100.0]",31106,-0.129580350008,-0.202834135826,fire_id,6160,-0.13787416964,-0.119966697012,-0.220783238825,-0.184079916386
spatiotemporal,mean_only,size_class,"(100.0, 1000.0]",7652,-1.07233394229,-1.34499599363,fire_id,599,-1.15489102025,-1.00116726233,-1.42203066628,-1.28151672283
spatiotemporal,mean_only,size_class,"(1000.0, inf]",599,-2.15305595323,-2.46130791316,fire_id,31,-2.91794984651,-1.66724496091,-3.15685298627,-1.99965646496
spatiotemporal,mean_only,observation_quality,consecutive_history,21677,-0.0509891633249,-0.507940809698,fire_id,9212,-0.0547989926001,-0.0483009191687,-0.538359202456,-0.47649612891
spatiotemporal,mean_only,observation_quality,history_has_gaps,66267,-0.0651394507495,-0.508765803026,fire_id,22488,-0.0685165410333,-0.0620735187282,-0.532002368687,-0.486837272955
spatiotemporal,persistence,region,central,24323,-0.188567423788,-0.332037476891,fire_id,10105,-0.25197153346,-0.142183475592,-0.35679983328,-0.314519111028
spatiotemporal,persistence,region,east,17224,0.0671709020039,-0.238246375759,fire_id,6575,-0.0645382966263,0.232924562147,-0.285877295516,-0.177668824262
spatiotemporal,persistence,region,intermountain,23399,0.212230455131,-0.187046153777,fire_id,8866,0.160663665972,0.259660014901,-0.208767046528,-0.166992074698
spatiotemporal,persistence,region,west,22998,0.403948738495,-0.0807597445177,fire_id,6154,0.364036026759,0.447824318929,-0.103308437982,-0.0616905262727
spatiotemporal,persistence,season,DJF,12759,-0.217028329743,-0.350020934999,fire_id,5237,-0.326914383829,-0.077654603983,-0.400389131069,-0.291558507495
spatiotemporal,persistence,season,JJA,29913,0.407056414568,-0.0886226980216,fire_id,8208,0.362373782097,0.437235311956,-0.108793094035,-0.0743064343619
spatiotemporal,persistence,season,MAM,20363,0.127028740213,-0.223250558,fire_id,8398,0.0586692521612,0.185663685447,-0.249658355472,-0.197919165012
spatiotemporal,persistence,season,SON,24909,0.172959621306,-0.193764215892,fire_id,9857,0.0993506506339,0.243463505904,-0.227250598036,-0.165986325109
spatiotemporal,persistence,size_class,"(0.0, 1.0]",1947,-1.52534641908,5.91540858995,fire_id,1838,-1.72252531205,-1.34654326612,5.30319909671,6.6448393728
spatiotemporal,persistence,size_class,"(1.0, 10.0]",46640,-0.813911916196,-0.550926001296,fire_id,23072,-0.839271039037,-0.781006552177,-0.564443475669,-0.534060674144
spatiotemporal,persistence,size_class,"(10.0, 100.0]",31106,-0.292968177915,-0.366221963732,fire_id,6160,-0.31930803306,-0.267972231173,-0.380083225564,-0.350755135656
spatiotemporal,persistence,size_class,"(100.0, 1000.0]",7652,0.269968703857,-0.0026933474842,fire_id,599,0.220138611126,0.310244247738,-0.0257998698452,0.0203798052387
spatiotemporal,persistence,size_class,"(1000.0, inf]",599,0.582186613426,0.273934653503,fire_id,31,0.463020719583,0.655328226887,0.205437933047,0.363139018999
spatiotemporal,persistence,observation_quality,consecutive_history,21677,0.304784119131,-0.152167527241,fire_id,9212,0.247772463109,0.3542894441,-0.177958625329,-0.13067514608
spatiotemporal,persistence,observation_quality,history_has_gaps,66267,0.298866227177,-0.144760125099,fire_id,22488,0.259612227123,0.334527634767,-0.161637683513,-0.12960780177
spatiotemporal,state_plus_weather,region,central,24323,0.148816057919,0.00534600481636,fire_id,10105,0.117497764233,0.177149988107,0.00288993596552,0.007848754224
spatiotemporal,state_plus_weather,region,east,17224,0.317064988205,0.0116477104413,fire_id,6575,0.235018092371,0.418363030775,0.00568959480074,0.018104195297
spatiotemporal,state_plus_weather,region,intermountain,23399,0.402007821277,0.00273121236819,fire_id,8866,0.372133690307,0.430440814135,0.000768246008094,0.00478898119798
spatiotemporal,state_plus_weather,region,west,22998,0.4908741574,0.00616567438708,fire_id,6154,0.470196029901,0.512979431743,0.00502069633333,0.00741705738645
spatiotemporal,state_plus_weather,season,DJF,12759,0.146475562831,0.0134829575741,fire_id,5237,0.0834455025223,0.227061798338,0.00962337184305,0.0167571329255
spatiotemporal,state_plus_weather,season,JJA,29913,0.499003280826,0.0033241682363,fire_id,8208,0.476755611112,0.517105697174,0.00209425793321,0.00488046537287
spatiotemporal,state_plus_weather,season,MAM,20363,0.355761487786,0.00548218957233,fire_id,8398,0.314251487455,0.388817133377,0.0035212374347,0.00809936963091
spatiotemporal,state_plus_weather,season,SON,24909,0.374434603196,0.0077107659971,fire_id,9857,0.334377315002,0.414219095461,0.00592274642192,0.00939078177451
spatiotemporal,state_plus_weather,size_class,"(0.0, 1.0]",1947,-8.79539234725,-1.35463733822,fire_id,1838,-9.8348785001,-7.93418912466,-1.8145921524,-0.962757183851
spatiotemporal,state_plus_weather,size_class,"(1.0, 10.0]",46640,-0.270776726767,-0.00779081186715,fire_id,23072,-0.287108765298,-0.252454093238,-0.0116307257107,-0.00368681693451
spatiotemporal,state_plus_weather,size_class,"(10.0, 100.0]",31106,0.0842118787487,0.010958092931,fire_id,6160,0.0702954922966,0.0989098808887,0.00930677007598,0.0126621949981
spatiotemporal,state_plus_weather,size_class,"(100.0, 1000.0]",7652,0.284142769272,0.0114807179302,fire_id,599,0.254308137813,0.306379792451,0.00844304534886,0.0142009648386
spatiotemporal,state_plus_weather,size_class,"(1000.0, inf]",599,0.313080808411,0.00482884848841,fire_id,31,0.166776843584,0.39042168572,-0.00571997784174,0.0154237029804
spatiotemporal,state_plus_weather,observation_quality,consecutive_history,21677,0.462787651113,0.0058360047401,fire_id,9212,0.43171888634,0.491274042283,0.00409266272933,0.00741296626598
spatiotemporal,state_plus_weather,observation_quality,history_has_gaps,66267,0.448175405677,0.00454905340084,fire_id,22488,0.42584680824,0.469693589061,0.00362722988162,0.00563212441201
spatiotemporal,state_weather_interactions,region,central,24323,0.17455704777,0.0310869946677,fire_id,10105,0.145251547494,0.200804067069,0.0261403846129,0.0372645978414
spatiotemporal,state_weather_interactions,region,east,17224,0.332288861471,0.026871583708,fire_id,6575,0.257403778006,0.423541145279,0.00983248351842,0.0417566380817
spatiotemporal,state_weather_interactions,region,intermountain,23399,0.410379318359,0.0111027094507,fire_id,8866,0.380153232807,0.440842031783,0.00654495752614,0.0161406709733
spatiotemporal,state_weather_interactions,region,west,22998,0.506330228928,0.0216217459145,fire_id,6154,0.485064456371,0.530125798626,0.0173982764246,0.0254687462494
spatiotemporal,state_weather_interactions,season,DJF,12759,0.183929416962,0.0509368117052,fire_id,5237,0.123227778351,0.261284066898,0.0423608870815,0.0581689942554
spatiotemporal,state_weather_interactions,season,JJA,29913,0.51153639231,0.0158572797205,fire_id,8208,0.48670563677,0.529942235132,0.0124845801966,0.0202329901673
spatiotemporal,state_weather_interactions,season,MAM,20363,0.363486117225,0.0132068190113,fire_id,8398,0.323517372107,0.397362141983,0.00789498848327,0.0183771706851
spatiotemporal,state_weather_interactions,season,SON,24909,0.392813977602,0.0260901404039,fire_id,9857,0.353733501126,0.432216468939,0.0214946362896,0.0305520952018
spatiotemporal,state_weather_interactions,size_class,"(0.0, 1.0]",1947,-8.16688404967,-0.72612904064,fire_id,1838,-9.10066410805,-7.32557540257,-1.02290395136,-0.518197934662
spatiotemporal,state_weather_interactions,size_class,"(1.0, 10.0]",46640,-0.227666748572,0.035319166328,fire_id,23072,-0.241860011311,-0.210731466961,0.0305204370248,0.0408622450079
spatiotemporal,state_weather_interactions,size_class,"(10.0, 100.0]",31106,0.0877160741465,0.0144622883288,fire_id,6160,0.0739322214496,0.103050280152,0.010514081185,0.0183922956658
spatiotemporal,state_weather_interactions,size_class,"(100.0, 1000.0]",7652,0.312793514329,0.0401314629874,fire_id,599,0.281382257007,0.334580141721,0.0302591864649,0.0501287437569
spatiotemporal,state_weather_interactions,size_class,"(1000.0, inf]",599,0.394839002565,0.0865870426418,fire_id,31,0.274221208617,0.469669578497,0.0445475992037,0.142956400516
spatiotemporal,state_weather_interactions,observation_quality,consecutive_history,21677,0.477283831821,0.0203321854486,fire_id,9212,0.444620171805,0.50638876343,0.0165003192925,0.0248019154267
spatiotemporal,state_weather_interactions,observation_quality,history_has_gaps,66267,0.460663599417,0.0170372471406,fire_id,22488,0.436824047377,0.482338948346,0.0144209612304,0.0198976394648
spatiotemporal,weather_only,region,central,24323,-0.191193434084,-0.334663487187,fire_id,10105,-0.222073436036,-0.167661712385,-0.362352806025,-0.310683716371
spatiotemporal,weather_only,region,east,17224,-0.0283070861518,-0.333724363915,fire_id,6575,-0.0570454508375,0.000680525252994,-0.415880272752,-0.270102072338
spatiotemporal,weather_only,region,intermountain,23399,0.0193688906706,-0.379907718238,fire_id,8866,0.00303165919454,0.035641815766,-0.404113083417,-0.356519748657
spatiotemporal,weather_only,region,west,22998,-0.0324563498621,-0.517164832875,fire_id,6154,-0.0475325948666,-0.0147976798034,-0.553375421945,-0.485891780969
spatiotemporal,weather_only,season,DJF,12759,-0.0397738718107,-0.172766477067,fire_id,5237,-0.0714906958529,-0.00442580537654,-0.232492913605,-0.127676815015
spatiotemporal,weather_only,season,JJA,29913,-0.0100647255338,-0.505743838124,fire_id,8208,-0.0213992021441,0.007133431936,-0.529630219597,-0.475159334353
spatiotemporal,weather_only,season,MAM,20363,0.0323000014764,-0.317979296737,fire_id,8398,0.0168544253062,0.0482659959691,-0.35345504845,-0.280066603927
spatiotemporal,weather_only,season,SON,24909,-0.0402503215444,-0.406974158743,fire_id,9857,-0.0707225924286,-0.0147191382816,-0.4277531792,-0.384155063298
spatiotemporal,weather_only,size_class,"(0.0, 1.0]",1947,-108.679061053,-101.238306044,fire_id,1838,-119.942648427,-99.5854993119,-111.550060342,-92.9156782886
spatiotemporal,weather_only,size_class,"(1.0, 10.0]",46640,-1.07671190259,-0.813725987686,fire_id,23072,-1.11996054155,-1.02998506684,-0.849772645486,-0.767948856619
spatiotemporal,weather_only,size_class,"(10.0, 100.0]",31106,-0.0662694934339,-0.139523279252,fire_id,6160,-0.0748076675104,-0.0563491920236,-0.156466235153,-0.123816680897
spatiotemporal,weather_only,size_class,"(100.0, 1000.0]",7652,-0.782213951903,-1.05487600324,fire_id,599,-0.849763890613,-0.724297420263,-1.11286096532,-1.00160096389
spatiotemporal,weather_only,size_class,"(1000.0, inf]",599,-1.75789027485,-2.06614223477,fire_id,31,-2.40709581712,-1.34429793391,-2.62743435465,-1.65929536175
spatiotemporal,weather_only,observation_quality,consecutive_history,21677,0.0581968545411,-0.398754791832,fire_id,9212,0.0430196040406,0.0726018212876,-0.422022080786,-0.371330953701
spatiotemporal,weather_only,observation_quality,history_has_gaps,66267,0.0426726333514,-0.400953718925,fire_id,22488,0.0348934049457,0.049943968171,-0.423366326935,-0.379349884841
year_block,autoregressive,region,central,24323,0.160340532961,0,fire_id,10105,0.129333073273,0.187931168386,0,0
year_block,autoregressive,region,east,17224,0.312764975401,0,fire_id,6575,0.227430899965,0.416443073516,0,0
year_block,autoregressive,region,intermountain,23399,0.400350239782,0,fire_id,8866,0.37036900534,0.427534619247,0,0
year_block,autoregressive,region,west,22998,0.503664570798,0,fire_id,6154,0.481689536335,0.529136883926,0,0
year_block,autoregressive,season,DJF,12759,0.14522983941,0,fire_id,5237,0.0785485725191,0.227875947989,0,0
year_block,autoregressive,season,JJA,29913,0.511009615434,0,fire_id,8208,0.485676748499,0.529958138726,0,0
year_block,autoregressive,season,MAM,20363,0.35336791208,0,fire_id,8398,0.310558748095,0.386559487384,0,0
year_block,autoregressive,season,SON,24909,0.37718542575,0,fire_id,9857,0.335599914586,0.418052013354,0,0
year_block,autoregressive,size_class,"(0.0, 1.0]",1947,-7.29246042803,0,fire_id,1838,-8.13112746421,-6.54915742132,0,0
year_block,autoregressive,size_class,"(1.0, 10.0]",46640,-0.255226754781,0,fire_id,23072,-0.269772165076,-0.237204829928,0,0
year_block,autoregressive,size_class,"(10.0, 100.0]",31106,0.0767769836026,0,fire_id,6160,0.0622890655168,0.0924007502393,0,0
year_block,autoregressive,size_class,"(100.0, 1000.0]",7652,0.306115352021,0,fire_id,599,0.273391862878,0.330793048367,0,0
year_block,autoregressive,size_class,"(1000.0, inf]",599,0.379254218493,0,fire_id,31,0.231599280086,0.448646913761,0,0
year_block,autoregressive,observation_quality,consecutive_history,21677,0.464777024,0,fire_id,9212,0.432123922029,0.493539831558,0,0
year_block,autoregressive,observation_quality,history_has_gaps,66267,0.455507874634,0,fire_id,22488,0.432319010681,0.479044562905,0,0
year_block,mean_only,region,central,24323,-0.19258997237,-0.352930505331,fire_id,10105,-0.222520810836,-0.165752118412,-0.377101658906,-0.333864625899
year_block,mean_only,region,east,17224,-0.233400668172,-0.546165643573,fire_id,6575,-0.304773817885,-0.162893118773,-0.588027117855,-0.510327923782
year_block,mean_only,region,intermountain,23399,-0.0184367452052,-0.418786984987,fire_id,8866,-0.0255968946276,-0.0123700502616,-0.452074755208,-0.385911785731
year_block,mean_only,region,west,22998,-0.0800769294699,-0.583741500268,fire_id,6154,-0.0957837768549,-0.0617717969231,-0.62208212011,-0.545645961942
year_block,mean_only,season,DJF,12759,-0.175677627077,-0.320907466487,fire_id,5237,-0.2191218196,-0.132791102013,-0.374571040038,-0.28259042132
year_block,mean_only,season,JJA,29913,-0.0512171959218,-0.562226811356,fire_id,8208,-0.0617493260152,-0.0392149896112,-0.587117358658,-0.527602774458
year_block,mean_only,season,MAM,20363,-0.00380970392206,-0.357177616002,fire_id,8398,-0.00748494095784,-0.000898232901716,-0.393315016653,-0.313251605294
year_block,mean_only,season,SON,24909,-0.111375119307,-0.488560545057,fire_id,9857,-0.147151877794,-0.0861229602215,-0.511283528066,-0.466086645311
year_block,mean_only,size_class,"(0.0, 1.0]",1947,-105.540309372,-98.2478489441,fire_id,1838,-115.031191908,-97.5956120715,-106.790732844,-90.9467441103
year_block,mean_only,size_class,"(1.0, 10.0]",46640,-1.10554840533,-0.85032165055,fire_id,23072,-1.13777549538,-1.06380491168,-0.878885279007,-0.81866589564
year_block,mean_only,size_class,"(10.0, 100.0]",31106,-0.073734822143,-0.150511805746,fire_id,6160,-0.0805207893461,-0.0649249409038,-0.168682952898,-0.13154605816
year_block,mean_only,size_class,"(100.0, 1000.0]",7652,-0.956195184879,-1.2623105369,fire_id,599,-1.03226688714,-0.888328002167,-1.33184001576,-1.19824102709
year_block,mean_only,size_class,"(1000.0, inf]",599,-2.01796848476,-2.39722270325,fire_id,31,-2.79366577302,-1.534440308,-3.06709321231,-1.94461932711
year_block,mean_only,observation_quality,consecutive_history,21677,-0.000670801751187,-0.465447825751,fire_id,9212,-0.00204445290977,-0.000275638081617,-0.495179743625,-0.433170573211
year_block,mean_only,observation_quality,history_has_gaps,66267,-0.000692728262923,-0.456200602897,fire_id,22488,-0.00132374455032,-0.000490471484145,-0.479715637846,-0.433306126573
year_block,persistence,region,central,24323,-0.188567423788,-0.348907956749,fire_id,10105,-0.25197153346,-0.142183475592,-0.375581866201,-0.329721754414
year_block,persistence,region,east,17224,0.0671709020039,-0.245594073397,fire_id,6575,-0.0645382966263,0.232924562147,-0.294757663894,-0.183320786749
year_block,persistence,region,intermountain,23399,0.212230455131,-0.18811978465,fire_id,8866,0.160663665972,0.259660014901,-0.210595369355,-0.167478051948
year_block,persistence,region,west,22998,0.403948738495,-0.0997158323025,fire_id,6154,0.364036026759,0.447824318929,-0.119356514181,-0.0829230408045
year_block,persistence,season,DJF,12759,-0.217028329743,-0.362258169153,fire_id,5237,-0.326914383829,-0.077654603983,-0.410860673077,-0.306100459925
year_block,persistence,season,JJA,29913,0.407056414568,-0.103953200866,fire_id,8208,0.362373782097,0.437235311956,-0.121757916071,-0.0908206616751
year_block,persistence,season,MAM,20363,0.127028740213,-0.226339171867,fire_id,8398,0.0586692521612,0.185663685447,-0.253223399466,-0.200221911716
year_block,persistence,season,SON,24909,0.172959621306,-0.204225804444,fire_id,9857,0.0993506506339,0.243463505904,-0.236586858199,-0.176246300865
year_block,persistence,size_class,"(0.0, 1.0]",1947,-1.52534641908,5.76711400895,fire_id,1838,-1.72252531205,-1.34654326612,5.13961880318,6.49782708119
year_block,persistence,size_class,"(1.0, 10.0]",46640,-0.813911916196,-0.558685161415,fire_id,23072,-0.839271039037,-0.781006552177,-0.571768290787,-0.541112948999
year_block,persistence,size_class,"(10.0, 100.0]",31106,-0.292968177915,-0.369745161517,fire_id,6160,-0.31930803306,-0.267972231173,-0.38310018937,-0.354893966103
year_block,persistence,size_class,"(100.0, 1000.0]",7652,0.269968703857,-0.0361466481639,fire_id,599,0.220138611126,0.310244247738,-0.0567903780278,-0.0163076563939
year_block,persistence,size_class,"(1000.0, inf]",599,0.582186613426,0.202932394933,fire_id,31,0.463020719583,0.655328226887,0.138424812415,0.279632752816
year_block,persistence,observation_quality,consecutive_history,21677,0.304784119131,-0.159992904869,fire_id,9212,0.247772463109,0.3542894441,-0.184872575881,-0.138653973748
year_block,persistence,observation_quality,history_has_gaps,66267,0.298866227177,-0.156641647458,fire_id,22488,0.259612227123,0.334527634767,-0.172270187184,-0.14256982893
year_block,state_plus_weather,region,central,24323,0.161885407115,0.00154487415326,fire_id,10105,0.131287303863,0.18926306088,-0.000726478517572,0.0037511689325
year_block,state_plus_weather,region,east,17224,0.320859034105,0.00809405870403,fire_id,6575,0.23919176469,0.42113200577,0.00309304819639,0.0131530733158
year_block,state_plus_weather,region,intermountain,23399,0.404178168609,0.00382792882778,fire_id,8866,0.374766725514,0.431793286535,0.00217180273162,0.00553678386522
year_block,state_plus_weather,region,west,22998,0.51102389978,0.00735932898168,fire_id,6154,0.489175154021,0.536126969963,0.00605021095186,0.0088955974245
year_block,state_plus_weather,season,DJF,12759,0.155035828281,0.00980598887074,fire_id,5237,0.0902785829181,0.238401357054,0.00648937723972,0.0125396042808
year_block,state_plus_weather,season,JJA,29913,0.515737153415,0.00472753798041,fire_id,8208,0.490711207407,0.534495391861,0.00336088347552,0.00634968169886
year_block,state_plus_weather,season,MAM,20363,0.358124944823,0.00475703274312,fire_id,8398,0.316953265662,0.390486660945,0.0028794679761,0.00724077259996
year_block,state_plus_weather,season,SON,24909,0.384034272141,0.00684884639095,fire_id,9857,0.342230126633,0.424907095693,0.00504681044118,0.00876447780103
year_block,state_plus_weather,size_class,"(0.0, 1.0]",1947,-8.96233951924,-1.66987909122,fire_id,1838,-10.0667525528,-8.04261135701,-2.18800472733,-1.30787205042
year_block,state_plus_weather,size_class,"(1.0, 10.0]",46640,-0.27025709195,-0.0150303371686,fire_id,23072,-0.285852567237,-0.251988558915,-0.0184813814968,-0.0117635967684
year_block,state_plus_weather,size_class,"(10.0, 100.0]",31106,0.0876812391495,0.0109042555468,fire_id,6160,0.0732197625535,0.103506696748,0.00939426053997,0.0126107143133
year_block,state_plus_weather,size_class,"(100.0, 1000.0]",7652,0.320549220255,0.0144338682334,fire_id,599,0.288219246496,0.34490127342,0.0114325579984,0.0172398463642
year_block,state_plus_weather,size_class,"(1000.0, inf]",599,0.392512495554,0.0132582770608,fire_id,31,0.254537202727,0.46282651909,0.00246128943028,0.0255892818625
year_block,state_plus_weather,observation_quality,consecutive_history,21677,0.470625935145,0.00584891114514,fire_id,9212,0.43794574298,0.500421595187,0.00415751450694,0.00742478417159
year_block,state_plus_weather,observation_quality,history_has_gaps,66267,0.460308730945,0.00480085631025,fire_id,22488,0.437239081524,0.483565530773,0.00384528926265,0.00590708779836
year_block,state_weather_interactions,region,central,24323,0.184895717141,0.0245551841796,fire_id,10105,0.156336491539,0.210647696348,0.0201743490124,0.0306735194681
year_block,state_weather_interactions,region,east,17224,0.335145084337,0.0223801089364,fire_id,6575,0.260037806446,0.427067450247,0.00743653419772,0.0354330242514
year_block,state_weather_interactions,region,intermountain,23399,0.413577818005,0.0132275782236,fire_id,8866,0.384224713773,0.442764891852,0.00924651108482,0.0174599167358
year_block,state_weather_interactions,region,west,22998,0.518199119184,0.0145345483864,fire_id,6154,0.495049849006,0.543784197613,0.0108135565202,0.0184692304117
year_block,state_weather_interactions,season,DJF,12759,0.187425456365,0.0421956169551,fire_id,5237,0.12679557696,0.267567736521,0.0345360438275,0.0481142552409
year_block,state_weather_interactions,season,JJA,29913,0.522494236514,0.01148462108,fire_id,8208,0.495930074484,0.542135242347,0.00777130406144,0.0156425954992
year_block,state_weather_interactions,season,MAM,20363,0.365900133273,0.0125322211924,fire_id,8398,0.326513568742,0.399526521113,0.00738150131797,0.0170968125831
year_block,state_weather_interactions,season,SON,24909,0.399959569581,0.0227741438314,fire_id,9857,0.35835691465,0.440495281821,0.0183496246434,0.0265127509817
year_block,state_weather_interactions,size_class,"(0.0, 1.0]",1947,-8.40149912742,-1.1090386994,fire_id,1838,-9.4081570659,-7.57074829931,-1.35039854208,-0.909802986381
year_block,state_weather_interactions,size_class,"(1.0, 10.0]",46640,-0.227361464041,0.0278652907401,fire_id,23072,-0.242837000266,-0.210350862591,0.0232029315886,0.0327403853451
year_block,state_weather_interactions,size_class,"(10.0, 100.0]",31106,0.0899105743542,0.0131335907515,fire_id,6160,0.0755497566108,0.105446126321,0.00946418350058,0.0170616954667
year_block,state_weather_interactions,size_class,"(100.0, 1000.0]",7652,0.338015500365,0.0319001483437,fire_id,599,0.306707606968,0.362033538272,0.0235705754062,0.0398170445791
year_block,state_weather_interactions,size_class,"(1000.0, inf]",599,0.445956375793,0.0667021573003,fire_id,31,0.331641198165,0.51561786643,0.0307805435415,0.109819177572
year_block,state_weather_interactions,observation_quality,consecutive_history,21677,0.480955021407,0.0161779974067,fire_id,9212,0.447256584555,0.510830179752,0.0122942102053,0.0203623221471
year_block,state_weather_interactions,observation_quality,history_has_gaps,66267,0.469528984614,0.0140211099796,fire_id,22488,0.445049226839,0.492175411625,0.0115330171503,0.0165379724361
year_block,weather_only,region,central,24323,-0.149038127416,-0.309378660377,fire_id,10105,-0.17793323098,-0.128656977586,-0.335357422786,-0.284065931429
year_block,weather_only,region,east,17224,-0.016536505974,-0.329301481375,fire_id,6575,-0.0426949497165,0.00956504256067,-0.412850833915,-0.265640109579
year_block,weather_only,region,intermountain,23399,0.0346396460677,-0.365710593714,fire_id,8866,0.0212305662244,0.0481774923452,-0.38872334033,-0.341574617332
year_block,weather_only,region,west,22998,0.022626596746,-0.481037974052,fire_id,6154,0.0104231527506,0.0350574796297,-0.512762282224,-0.454383369411
year_block,weather_only,season,DJF,12759,-0.0286947129799,-0.17392455239,fire_id,5237,-0.0637021294876,0.0143318451102,-0.22720464051,-0.131627492598
year_block,weather_only,season,JJA,29913,0.0451017613733,-0.465907854061,fire_id,8208,0.0355058474917,0.0588317255148,-0.486530675034,-0.4368457025
year_block,weather_only,season,MAM,20363,0.0429883248219,-0.310379587258,fire_id,8398,0.0277392364968,0.0585046340029,-0.344142419896,-0.272348385162
year_block,weather_only,season,SON,24909,-0.0215340256172,-0.398719451367,fire_id,9857,-0.0580669937584,0.0122378312152,-0.420960673669,-0.376850062327
year_block,weather_only,size_class,"(0.0, 1.0]",1947,-114.773010991,-107.480550563,fire_id,1838,-126.861832176,-104.63548474,-118.625806357,-98.1231042893
year_block,weather_only,size_class,"(1.0, 10.0]",46640,-1.14624219432,-0.891015439543,fire_id,23072,-1.18869380468,-1.09388205689,-0.934541195606,-0.8469452249
year_block,weather_only,size_class,"(10.0, 100.0]",31106,-0.0366783892652,-0.113455372868,fire_id,6160,-0.0451522558442,-0.0274582576932,-0.128654702889,-0.0972232981754
year_block,weather_only,size_class,"(100.0, 1000.0]",7652,-0.659557982929,-0.96567333495,fire_id,599,-0.715572990856,-0.606158040517,-1.0214550327,-0.915509590538
year_block,weather_only,size_class,"(1000.0, inf]",599,-1.54944531956,-1.92869953805,fire_id,31,-2.15094119557,-1.13147755801,-2.45255987283,-1.55487003156
year_block,weather_only,observation_quality,consecutive_history,21677,0.0841617963911,-0.380615227609,fire_id,9212,0.0680205330404,0.0978943933321,-0.403380156624,-0.355570004177
year_block,weather_only,observation_quality,history_has_gaps,66267,0.0792805409416,-0.376227333693,fire_id,22488,0.0696111111523,0.0884978138363,-0.396812960364,-0.355251804403
