dimension,value,weather_complete,n,primary_n,median_duration,median_area,median_entropy,median_front_loading
region,alaska,False,41279,1028,1,0.214658673297,0,0.5
region,central,True,89584,2339,1,0.429317346594,0,0.5
region,east,True,43972,1418,1,0.429317346594,0,0.5
region,hawaii,False,55,6,2,0.643976019891,0.436638754776,0.5
region,intermountain,True,58896,3259,1,0.429317346594,0,0.5
region,west,True,44783,2196,1,0.429317346594,0,0.5
year,2000,True,629,11,1,0.429317346594,0,0.5
year,2001,False,125,1,1,0.214658673297,0,0.5
year,2001,True,5845,185,1,0.429317346594,0,0.5
year,2002,False,2135,59,1,0.214658673297,0,0.5
year,2002,True,7437,242,1,0.429317346594,0,0.5
year,2003,False,1407,48,1,0.214658673297,0,0.5
year,2003,True,13571,514,1,0.429317346594,0,0.5
year,2004,False,7532,218,1,0.214658673297,0,0.5
year,2004,True,12044,412,1,0.429317346594,0,0.5
year,2005,False,5028,100,1,0.214658673297,0,0.5
year,2005,True,12327,517,1,0.429317346594,0,0.5
year,2006,False,408,13,1,0.214658673297,0,0.5
year,2006,True,12057,561,1,0.429317346594,0,0.5
year,2007,False,958,35,1,0.214658673297,0,0.5
year,2007,True,13223,487,1,0.429317346594,0,0.5
year,2008,False,301,14,1,0.214658673297,0,0.5
year,2008,True,13324,495,1,0.429317346594,0,0.5
year,2009,False,3271,66,1,0.214658673297,0,0.5
year,2009,True,10583,415,1,0.429317346594,0,0.5
year,2010,False,1404,40,1,0.214658673297,0,0.5
year,2010,True,14246,558,1,0.429317346594,0,0.5
year,2011,False,215,5,1,0.214658673297,0,0.5
year,2011,True,13053,655,1,0.429317346594,0,0.5
year,2012,False,897,30,1,0.214658673297,0,0.5
year,2012,True,9866,440,1,0.429317346594,0,0.5
year,2013,False,2025,56,1,0.214658673297,0,0.5
year,2013,True,10660,336,1,0.429317346594,0,0.5
year,2014,False,295,7,1,0.214658673297,0,0.5
year,2014,True,10055,355,1,0.429317346594,0,0.5
year,2015,False,9068,207,1,0.214658673297,0,0.5
year,2015,True,13214,406,1,0.429317346594,0,0.5
year,2016,False,902,19,1,0.214658673297,0,0.5
year,2016,True,12609,547,1,0.429317346594,0,0.5
year,2017,False,603,18,1,0.214658673297,0,0.5
year,2017,True,12049,490,1,0.429317346594,0,0.5
year,2018,False,628,15,1,0.214658673297,0,0.5
year,2018,True,10808,473,1,0.429317346594,0,0.5
year,2019,False,4029,74,1,0.214658673297,0,0.5
year,2019,True,11638,395,1,0.429317346594,0,0.5
year,2020,False,103,9,1,0.429317346594,0,0.5
year,2020,True,13010,523,1,0.429317346594,0,0.5
year,2021,True,4987,195,1,0.429317346594,0,0.5
duration_bin,"(0.0, 1.0]",False,29573,0,1,0.214658673297,0,0.5
duration_bin,"(0.0, 1.0]",True,131500,0,1,0.214658673297,0,0.5
duration_bin,"(1.0, 2.0]",False,2316,0,2,0.429317346594,1,0.5
duration_bin,"(1.0, 2.0]",True,14937,0,2,0.643976019891,0.970950594455,0.5
duration_bin,"(10.0, 30.0]",False,1230,80,14,9.87429897166,0.849934725371,0.545454545455
duration_bin,"(10.0, 30.0]",True,13772,232,13,5.36646683242,0.882171436125,0.5
duration_bin,"(2.0, 3.0]",False,2071,520,3,0.643976019891,1,0.5
duration_bin,"(2.0, 3.0]",True,16442,4603,3,0.858634693187,0.946394630357,0.5
duration_bin,"(3.0, 5.0]",False,3051,287,4,0.643976019891,0.960229717861,0.5
duration_bin,"(3.0, 5.0]",True,27097,3033,4,1.07329336648,0.920619835714,0.5
duration_bin,"(30.0, inf]",False,48,3,35.5,200.920518206,0.863094092874,0.438731715483
duration_bin,"(30.0, inf]",True,244,6,35,55.8112550572,0.874009172663,0.506941923775
duration_bin,"(5.0, 10.0]",False,3045,144,7,1.50261071308,0.921185496589,0.5
duration_bin,"(5.0, 10.0]",True,33243,1338,7,1.93192805967,0.905712598014,0.5
area_bin,"(0.0, 1.0]",False,35822,237,1,0.214658673297,0,0.5
area_bin,"(0.0, 1.0]",True,170148,1562,1,0.214658673297,0,0.5
area_bin,"(1.0, 10.0]",False,4664,645,6,1.71726938637,0.869915529774,0.5
area_bin,"(1.0, 10.0]",True,59633,6185,6,2.14658673297,0.869915529774,0.5
area_bin,"(10.0, 100.0]",False,709,121,14,23.1831367161,0.801295103656,0.587719298246
area_bin,"(10.0, 100.0]",True,6822,1263,11,16.9580351905,0.767391969459,0.578947368421
area_bin,"(100.0, 1000.0]",False,134,30,24,170.653645271,0.802655192784,0.675240678408
area_bin,"(100.0, 1000.0]",True,601,194,16,175.16147741,0.720713891031,0.721302428256
area_bin,"(1000.0, inf]",False,5,1,39,1359.64803666,0.755785902083,0.224031822276
area_bin,"(1000.0, inf]",True,31,8,19,1291.60123723,0.693259921922,0.834657472643
neighborhood,distributed growth,False,546,546,3,1.28795203978,0.946394630357,0.5
neighborhood,distributed growth,True,4728,4728,3,1.50261071308,0.920619835714,0.5
neighborhood,front-loaded taper,False,74,74,4.5,4.82982014918,0.731743387913,0.8
neighborhood,front-loaded taper,True,1395,1395,4,7.0837362188,0.669591945536,0.833333333333
neighborhood,gappy or undated,False,4672,0,8,1.93192805967,0.90321839281,0.5
neighborhood,gappy or undated,True,54628,0,8,2.36124540627,0.89624062518,0.5
neighborhood,late peak,False,158,158,3,1.93192805967,0.864973520718,0.3
neighborhood,late peak,True,1203,1203,3,1.71726938637,0.87990534995,0.3125
neighborhood,multiple detected pulses,False,256,256,6,4.29317346594,0.869993675689,0.5
neighborhood,multiple detected pulses,True,1886,1886,5,3.43453877275,0.886859507143,0.514402385274
neighborhood,one observation,False,29573,0,1,0.214658673297,0,0.5
neighborhood,one observation,True,131500,0,1,0.214658673297,0,0.5
neighborhood,two observations,False,6055,0,3,0.429317346594,1,0.5
neighborhood,two observations,True,41895,0,3,0.643976019891,0.985228136034,0.5
